season,week,player_id,market,player,team,opp,pos,game,commence,kind,line,model_over,model_under,market_over,gap,trust,pick,pick_price,pick_ev,logged_at,actual,result,graded_at
2026,3,00-0036442,player_pass_yds,Joe Burrow,CIN,PIT,QB,CIN @ PIT,2026-09-27T17:02:37Z,yards,265.5,0.294,0.706,0.5,-20.6,0.15,under,-114,-0.0034,2026-09-27T17:22:47+00:00,282.0,over,2026-09-28T19:55:51+00:00
2026,3,00-0036410,player_reception_yds,Tee Higgins,CIN,PIT,WR,CIN @ PIT,2026-09-27T17:02:37Z,yards,59.5,0.5161,0.4839,0.5,1.6,0.15,over,-114,-0.0569,2026-09-27T17:22:47+00:00,90.0,over,2026-09-28T19:55:51+00:00
2026,3,00-0033526,player_reception_yds,Samaje Perine,CIN,PIT,RB,CIN @ PIT,2026-09-27T17:02:37Z,yards,9.5,0.5467,0.4533,0.5,4.7,0.15,over,-114,-0.0482,2026-09-27T17:22:47+00:00,5.0,under,2026-09-28T19:55:51+00:00
2026,3,00-0035631,player_reception_yds,Drew Sample,CIN,PIT,TE,CIN @ PIT,2026-09-27T17:02:37Z,yards,4.5,0.791,0.209,0.5051,28.6,0.15,over,-110,0.0462,2026-09-27T17:22:47+00:00,0.0,under,2026-09-28T19:55:51+00:00
2026,3,00-0034829,player_reception_yds,Mike Gesicki,CIN,PIT,TE,CIN @ PIT,2026-09-27T17:02:37Z,yards,21.5,0.6226,0.3774,0.491,13.2,0.15,over,-111,-0.0291,2026-09-27T17:22:47+00:00,37.0,over,2026-09-28T19:55:51+00:00
2026,3,00-0038597,player_reception_yds,Chase Brown,CIN,PIT,RB,CIN @ PIT,2026-09-27T17:02:37Z,yards,23.5,0.4637,0.5363,0.5,-3.6,0.15,under,-114,-0.0512,2026-09-27T17:22:47+00:00,8.0,under,2026-09-28T19:55:51+00:00
2026,3,00-0036900,player_reception_yds,Ja'Marr Chase,CIN,PIT,WR,CIN @ PIT,2026-09-27T17:02:37Z,yards,81.5,0.371,0.629,0.5,-12.9,0.15,under,-114,-0.0251,2026-09-27T17:22:47+00:00,98.0,over,2026-09-28T19:55:51+00:00
2026,3,00-0033526,player_rush_yds,Samaje Perine,CIN,PIT,RB,CIN @ PIT,2026-09-27T17:02:37Z,yards,16.5,0.5571,0.4429,0.5,5.7,0.15,over,-115,-0.0492,2026-09-27T17:22:47+00:00,9.0,under,2026-09-28T19:55:51+00:00
2026,3,00-0038597,player_rush_yds,Chase Brown,CIN,PIT,RB,CIN @ PIT,2026-09-27T17:02:37Z,yards,64.5,0.5067,0.4933,0.5,0.7,0.15,over,-115,-0.0633,2026-09-27T17:22:47+00:00,61.0,under,2026-09-28T19:55:51+00:00
2026,3,00-0036442,player_rush_yds,Joe Burrow,CIN,PIT,QB,CIN @ PIT,2026-09-27T17:02:37Z,yards,6.5,0.3658,0.6342,0.4899,-12.4,0.15,under,-120,-0.0307,2026-09-27T17:22:47+00:00,13.0,over,2026-09-28T19:55:51+00:00
2026,3,00-0036442,player_pass_tds,Joe Burrow,CIN,PIT,QB,CIN @ PIT,2026-09-27T17:02:37Z,count,2.5,0.2769,0.723,0.3989,-12.2,0.15,under,-190,-0.0546,2026-09-27T17:22:47+00:00,3.0,over,2026-09-28T19:55:51+00:00
2026,3,00-0023459,player_pass_tds,Aaron Rodgers,PIT,CIN,QB,CIN @ PIT,2026-09-27T17:02:37Z,count,2.5,0.1134,0.8866,0.3242,-21.1,0.15,under,-240,0.0022,2026-09-27T17:22:47+00:00,3.0,over,2026-09-28T19:55:51+00:00
2026,3,00-0023459,player_pass_yds,Aaron Rodgers,PIT,CIN,QB,CIN @ PIT,2026-09-27T17:02:37Z,yards,268.5,0.1918,0.8082,0.5,-30.8,0.15,under,-115,0.0212,2026-09-27T17:22:47+00:00,292.0,over,2026-09-28T19:55:51+00:00
2026,3,00-0035640,player_reception_yds,DK Metcalf,PIT,CIN,WR,CIN @ PIT,2026-09-27T17:02:37Z,yards,44.5,0.4193,0.5807,0.4986,-7.9,0.15,under,-115,-0.0404,2026-09-27T17:22:47+00:00,31.0,under,2026-09-28T19:55:51+00:00
2026,3,00-0037228,player_reception_yds,Jaylen Warren,PIT,CIN,RB,CIN @ PIT,2026-09-27T17:02:37Z,yards,52.5,0.1206,0.8794,0.5015,-38.1,0.15,under,-110,0.0608,2026-09-27T17:22:47+00:00,49.0,under,2026-09-28T19:55:51+00:00
2026,3,00-0036894,player_reception_yds,Pat Freiermuth,PIT,CIN,TE,CIN @ PIT,2026-09-27T17:02:37Z,yards,31.5,0.6335,0.3665,0.4899,14.4,0.15,over,-110,-0.0236,2026-09-27T17:22:47+00:00,30.0,under,2026-09-28T19:55:51+00:00
2026,3,00-0036900,player_receptions,Ja'Marr Chase,CIN,PIT,WR,CIN @ PIT,2026-09-27T17:02:37Z,count,8.5,0.2437,0.7563,0.5816,-33.8,0.15,over,-139,-0.0872,2026-09-27T17:22:47+00:00,9.0,over,2026-09-28T19:55:51+00:00
2026,3,00-0035640,player_receptions,DK Metcalf,PIT,CIN,WR,CIN @ PIT,2026-09-27T17:02:37Z,count,3.5,0.5144,0.4856,0.5408,-2.6,0.15,under,105,-0.0505,2026-09-27T17:22:47+00:00,3.0,under,2026-09-28T19:55:51+00:00
2026,3,00-0034829,player_receptions,Mike Gesicki,CIN,PIT,TE,CIN @ PIT,2026-09-27T17:02:37Z,count,2.5,0.5378,0.4622,0.4587,7.9,0.15,over,118,0.0259,2026-09-27T17:22:47+00:00,3.0,over,2026-09-28T19:55:51+00:00
2026,3,00-0036894,player_receptions,Pat Freiermuth,PIT,CIN,TE,CIN @ PIT,2026-09-27T17:02:37Z,count,3.5,0.5747,0.4253,0.4592,11.6,0.15,over,105,-0.0231,2026-09-27T17:22:47+00:00,2.0,under,2026-09-28T19:55:51+00:00
2026,3,00-0037228,player_receptions,Jaylen Warren,PIT,CIN,RB,CIN @ PIT,2026-09-27T17:02:37Z,count,4.5,0.2329,0.7671,0.5203,-28.7,0.15,under,-105,0.0207,2026-09-27T17:22:47+00:00,3.0,under,2026-09-28T19:55:51+00:00
2026,3,00-0036410,player_receptions,Tee Higgins,CIN,PIT,WR,CIN @ PIT,2026-09-27T17:02:37Z,count,4.5,0.3853,0.6147,0.5101,-12.5,0.15,under,-110,-0.029,2026-09-27T17:22:47+00:00,6.0,over,2026-09-28T19:55:51+00:00
2026,3,00-0037228,player_rush_yds,Jaylen Warren,PIT,CIN,RB,CIN @ PIT,2026-09-27T17:02:37Z,yards,52.5,0.4634,0.5366,0.4899,-2.7,0.15,under,-120,-0.0575,2026-09-27T17:22:47+00:00,127.0,over,2026-09-28T19:55:51+00:00
2026,3,00-0036252,player_reception_yds,Michael Pittman,PIT,CIN,WR,CIN @ PIT,2026-09-27T17:02:37Z,yards,25.5,0.5672,0.4328,0.4899,7.7,0.15,over,-110,-0.0426,2026-09-27T17:22:47+00:00,16.0,under,2026-09-28T19:55:51+00:00
2026,3,00-0038558,player_reception_yds,Darnell Washington,PIT,CIN,TE,CIN @ PIT,2026-09-27T17:02:37Z,yards,10.5,0.8023,0.1977,0.4899,31.2,0.15,over,-110,0.0247,2026-09-27T17:22:47+00:00,67.0,over,2026-09-28T19:55:51+00:00
2026,3,00-0039739,player_reception_yds,Roman Wilson,PIT,CIN,WR,CIN @ PIT,2026-09-27T17:02:37Z,yards,61.5,0.0519,0.9482,0.509,-45.7,0.15,under,-111,0.0637,2026-09-27T17:22:47+00:00,60.0,under,2026-09-28T19:55:51+00:00
2026,3,00-0038558,player_receptions,Darnell Washington,PIT,CIN,TE,CIN @ PIT,2026-09-27T17:02:37Z,count,1.5,0.7739,0.2261,0.4459,32.8,0.15,over,110,0.0397,2026-09-27T17:22:47+00:00,3.0,over,2026-09-28T19:55:51+00:00
2026,3,00-0035631,player_receptions,Drew Sample,CIN,PIT,TE,CIN @ PIT,2026-09-27T17:02:37Z,count,0.5,0.8526,0.1474,0.625,22.8,0.15,over,-200,-0.0113,2026-09-27T17:22:47+00:00,1.0,over,2026-09-28T19:55:51+00:00
2026,3,00-0036252,player_receptions,Michael Pittman,PIT,CIN,WR,CIN @ PIT,2026-09-27T17:02:37Z,count,2.5,0.6329,0.3671,0.5101,12.3,0.15,over,-120,-0.031,2026-09-27T17:22:47+00:00,2.0,under,2026-09-28T19:55:51+00:00
2026,3,00-0023459,player_rush_yds,Aaron Rodgers,PIT,CIN,QB,CIN @ PIT,2026-09-27T17:02:37Z,yards,0.5,0.7362,0.2638,0.4694,26.7,0.15,over,100,0.0188,2026-09-27T17:22:47+00:00,10.0,over,2026-09-28T19:55:51+00:00
2026,3,00-0033873,player_pass_yds,Patrick Mahomes,KC,MIA,QB,KC @ MIA,2026-09-27T17:02:38Z,yards,245.5,0.4326,0.5674,0.5,-6.7,0.15,under,-114,-0.0424,2026-09-27T17:22:47+00:00,246.0,over,2026-09-28T19:55:51+00:00
2026,3,00-0038104,player_reception_yds,Tyquan Thornton,KC,MIA,WR,KC @ MIA,2026-09-27T17:02:38Z,yards,14.5,0.648,0.352,0.496,15.2,0.15,over,-114,-0.0261,2026-09-27T17:22:47+00:00,22.0,over,2026-09-28T19:55:51+00:00
2026,3,00-0039894,player_reception_yds,Xavier Worthy,KC,MIA,WR,KC @ MIA,2026-09-27T17:02:38Z,yards,30.5,0.4325,0.5675,0.503,-7.0,0.15,under,-112,-0.0392,2026-09-27T17:22:47+00:00,20.0,under,2026-09-28T19:55:51+00:00
2026,3,00-0039067,player_reception_yds,Rashee Rice,KC,MIA,WR,KC @ MIA,2026-09-27T17:02:38Z,yards,43.5,0.6061,0.3939,0.4993,10.7,0.15,over,-112,-0.0246,2026-09-27T17:22:47+00:00,88.0,over,2026-09-28T19:55:51+00:00
2026,3,00-0038134,player_reception_yds,Kenneth Walker III,KC,MIA,RB,KC @ MIA,2026-09-27T17:02:38Z,yards,19.5,0.5425,0.4575,0.4948,4.8,0.15,over,-114,-0.0577,2026-09-27T17:22:47+00:00,3.0,under,2026-09-28T19:55:51+00:00
2026,3,00-0030506,player_reception_yds,Travis Kelce,KC,MIA,TE,KC @ MIA,2026-09-27T17:02:38Z,yards,88.5,0.1873,0.8127,0.5,-31.3,0.15,under,-115,0.0225,2026-09-27T17:22:47+00:00,59.0,under,2026-09-28T19:55:51+00:00
2026,3,00-0038134,player_rush_yds,Kenneth Walker III,KC,MIA,RB,KC @ MIA,2026-09-27T17:02:38Z,yards,81.5,0.4744,0.5255,0.5,-2.6,0.15,under,-114,-0.0542,2026-09-27T17:22:47+00:00,70.0,under,2026-09-28T19:55:51+00:00
2026,3,00-0033873,player_rush_yds,Patrick Mahomes,KC,MIA,QB,KC @ MIA,2026-09-27T17:02:38Z,yards,12.5,0.7589,0.2411,0.5,25.9,0.15,over,-115,0.0074,2026-09-27T17:22:47+00:00,1.0,under,2026-09-28T19:55:51+00:00
2026,3,00-0033873,player_pass_tds,Patrick Mahomes,KC,MIA,QB,KC @ MIA,2026-09-27T17:02:38Z,count,1.5,0.4899,0.5101,0.51,-2.0,0.15,over,-110,-0.0321,2026-09-27T17:22:47+00:00,2.0,over,2026-09-28T19:55:51+00:00
2026,3,00-0038128,player_pass_tds,Malik Willis,MIA,KC,QB,KC @ MIA,2026-09-27T17:02:38Z,count,0.5,0.6034,0.3966,0.6258,-2.2,0.107,under,145,-0.0773,2026-09-27T17:22:47+00:00,0.0,under,2026-09-28T19:55:51+00:00
2026,3,00-0038128,player_pass_yds,Malik Willis,MIA,KC,QB,KC @ MIA,2026-09-27T17:02:38Z,yards,198.5,0.2878,0.7122,0.4971,-20.9,0.107,under,-121,-0.0406,2026-09-27T17:22:47+00:00,210.0,over,2026-09-28T19:55:51+00:00
2026,3,00-0037252,player_reception_yds,Greg Dulcich,MIA,KC,TE,KC @ MIA,2026-09-27T17:02:38Z,yards,20.5,0.698,0.302,0.5,19.8,0.15,over,-115,-0.0097,2026-09-27T17:22:47+00:00,55.0,over,2026-09-28T19:55:51+00:00
2026,3,00-0039040,player_reception_yds,De'Von Achane,MIA,KC,RB,KC @ MIA,2026-09-27T17:02:38Z,yards,24.5,0.4499,0.5501,0.4971,-4.7,0.15,under,-121,-0.0685,2026-09-27T17:22:47+00:00,0.0,under,2026-09-28T19:55:51+00:00
2026,3,00-0039880,player_reception_yds,Malik Washington,MIA,KC,WR,KC @ MIA,2026-09-27T17:02:38Z,yards,64.5,0.0388,0.9612,0.5,-46.1,0.15,under,-120,0.0435,2026-09-27T17:22:47+00:00,56.0,under,2026-09-28T19:55:51+00:00
2026,3,00-0037252,player_receptions,Greg Dulcich,MIA,KC,TE,KC @ MIA,2026-09-27T17:02:38Z,count,2.5,0.5275,0.4725,0.4255,10.2,0.15,over,135,0.036,2026-09-27T17:22:47+00:00,5.0,over,2026-09-28T19:55:51+00:00
2026,3,00-0039040,player_receptions,De'Von Achane,MIA,KC,RB,KC @ MIA,2026-09-27T17:02:38Z,count,3.5,0.4711,0.5289,0.4762,-0.5,0.15,over,110,-0.0016,2026-09-27T17:22:47+00:00,0.0,under,2026-09-28T19:55:51+00:00
2026,3,00-0039894,player_receptions,Xavier Worthy,KC,MIA,WR,KC @ MIA,2026-09-27T17:02:38Z,count,2.5,0.5714,0.4286,0.6429,-7.2,0.15,over,-180,-0.0167,2026-09-27T17:22:47+00:00,2.0,under,2026-09-28T19:55:51+00:00
2026,3,00-0038134,player_receptions,Kenneth Walker III,KC,MIA,RB,KC @ MIA,2026-09-27T17:02:38Z,count,2.5,0.5746,0.4254,0.5816,-0.7,0.15,over,-139,-0.0018,2026-09-27T17:22:47+00:00,2.0,under,2026-09-28T19:55:51+00:00
2026,3,00-0039067,player_receptions,Rashee Rice,KC,MIA,WR,KC @ MIA,2026-09-27T17:02:38Z,count,4.5,0.5594,0.4406,0.5098,5.0,0.15,over,-104,0.0146,2026-09-27T17:22:47+00:00,7.0,over,2026-09-28T19:55:51+00:00
2026,3,00-0030506,player_receptions,Travis Kelce,KC,MIA,TE,KC @ MIA,2026-09-27T17:02:38Z,count,4.5,0.5201,0.4799,0.569,-4.9,0.15,over,-132,-0.0129,2026-09-27T17:22:47+00:00,2.0,under,2026-09-28T19:55:51+00:00
2026,3,00-0039880,player_receptions,Malik Washington,MIA,KC,WR,KC @ MIA,2026-09-27T17:02:38Z,count,4.5,0.1599,0.8401,0.5,-34.0,0.15,over,100,-0.102,2026-09-27T17:22:47+00:00,5.0,over,2026-09-28T19:55:51+00:00
2026,3,00-0039040,player_rush_yds,De'Von Achane,MIA,KC,RB,KC @ MIA,2026-09-27T17:02:38Z,yards,67.5,0.4519,0.5481,0.5028,-5.1,0.15,under,-121,-0.0779,2026-09-27T17:22:47+00:00,17.0,under,2026-09-28T19:55:51+00:00
2026,3,00-0038128,player_rush_yds,Malik Willis,MIA,KC,QB,KC @ MIA,2026-09-27T17:02:38Z,yards,31.5,0.2838,0.7162,0.5028,-21.9,0.107,under,-121,-0.0492,2026-09-27T17:22:47+00:00,56.0,over,2026-09-28T19:55:51+00:00
2026,3,00-0039851,player_pass_yds,Drake Maye,NE,JAX,QB,NE @ JAX,2026-09-27T17:02:40Z,yards,230.5,0.5455,0.4545,0.5,4.6,0.15,over,-114,-0.0486,2026-09-27T17:22:47+00:00,199.0,under,2026-09-28T19:55:51+00:00
2026,3,00-0033555,player_reception_yds,Mack Hollins,NE,JAX,WR,NE @ JAX,2026-09-27T17:02:40Z,yards,51.5,0.255,0.745,0.503,-24.8,0.15,under,-112,0.0112,2026-09-27T17:22:47+00:00,87.0,over,2026-09-28T19:55:51+00:00
2026,3,00-0033090,player_reception_yds,Hunter Henry,NE,JAX,TE,NE @ JAX,2026-09-27T17:02:40Z,yards,37.5,0.4738,0.5262,0.5,-2.6,0.15,under,-115,-0.0579,2026-09-27T17:22:47+00:00,5.0,under,2026-09-28T19:55:51+00:00
2026,3,00-0036875,player_reception_yds,Rhamondre Stevenson,NE,JAX,RB,NE @ JAX,2026-09-27T17:02:40Z,yards,14.5,0.6088,0.3912,0.5076,10.1,0.15,over,-118,-0.0342,2026-09-27T17:22:47+00:00,16.0,over,2026-09-28T19:55:51+00:00
2026,3,00-0040131,player_reception_yds,Kyle Williams,NE,JAX,WR,NE @ JAX,2026-09-27T17:02:40Z,yards,6.5,0.4819,0.5181,0.4939,-1.2,0.15,under,-118,-0.0617,2026-09-27T17:22:47+00:00,34.0,over,2026-09-28T19:55:51+00:00
2026,3,00-0040734,player_reception_yds,TreVeyon Henderson,NE,JAX,RB,NE @ JAX,2026-09-27T17:02:40Z,yards,8.5,0.3912,0.6088,0.5051,-11.4,0.15,under,-110,-0.0226,2026-09-27T17:22:47+00:00,6.0,under,2026-09-28T19:55:51+00:00
2026,3,00-0037816,player_reception_yds,Romeo Doubs,NE,JAX,WR,NE @ JAX,2026-09-27T17:02:40Z,yards,39.5,0.4327,0.5673,0.5024,-7.0,0.15,under,-114,-0.0463,2026-09-27T17:22:47+00:00,49.0,over,2026-09-28T19:55:51+00:00
2026,3,00-0036875,player_rush_yds,Rhamondre Stevenson,NE,JAX,RB,NE @ JAX,2026-09-27T17:02:40Z,yards,33.5,0.5102,0.4898,0.491,1.9,0.15,over,-111,-0.0612,2026-09-27T17:22:47+00:00,22.0,under,2026-09-28T19:55:51+00:00
2026,3,00-0040734,player_rush_yds,TreVeyon Henderson,NE,JAX,RB,NE @ JAX,2026-09-27T17:02:40Z,yards,44.5,0.4919,0.5081,0.4964,-0.5,0.15,under,-114,-0.0534,2026-09-27T17:22:47+00:00,23.0,under,2026-09-28T19:55:51+00:00
2026,3,00-0039851,player_rush_yds,Drake Maye,NE,JAX,QB,NE @ JAX,2026-09-27T17:02:40Z,yards,23.5,0.5122,0.4878,0.4899,2.2,0.15,over,-110,-0.0583,2026-09-27T17:22:47+00:00,18.0,under,2026-09-28T19:55:51+00:00
2026,3,00-0039851,player_pass_tds,Drake Maye,NE,JAX,QB,NE @ JAX,2026-09-27T17:02:40Z,count,1.5,0.3586,0.6414,0.3647,-0.6,0.15,over,165,-0.036,2026-09-27T17:22:47+00:00,0.0,under,2026-09-28T19:55:51+00:00
2026,3,00-0036971,player_pass_tds,Trevor Lawrence,JAX,NE,QB,NE @ JAX,2026-09-27T17:02:40Z,count,1.5,0.4408,0.5592,0.408,3.3,0.15,over,140,-0.009,2026-09-27T17:22:47+00:00,3.0,over,2026-09-28T19:55:51+00:00
2026,3,00-0036971,player_pass_yds,Trevor Lawrence,JAX,NE,QB,NE @ JAX,2026-09-27T17:02:40Z,yards,216.5,0.548,0.452,0.5,4.8,0.15,over,-115,-0.0518,2026-09-27T17:22:47+00:00,182.0,under,2026-09-28T19:55:51+00:00
2026,3,00-0040719,player_reception_yds,Bhayshul Tuten,JAX,NE,RB,NE @ JAX,2026-09-27T17:02:40Z,yards,10.5,0.215,0.785,0.4534,-23.8,0.15,under,-148,-0.0242,2026-09-27T17:22:47+00:00,17.0,over,2026-09-28T19:55:51+00:00
2026,3,00-0038606,player_reception_yds,Parker Washington,JAX,NE,WR,NE @ JAX,2026-09-27T17:02:40Z,yards,58.5,0.4943,0.5057,0.5014,-0.7,0.15,over,-115,-0.0646,2026-09-27T17:22:47+00:00,40.0,under,2026-09-28T19:55:51+00:00
2026,3,00-0034960,player_reception_yds,Jakobi Meyers,JAX,NE,WR,NE @ JAX,2026-09-27T17:02:40Z,yards,36.5,0.5245,0.4755,0.5,2.5,0.15,over,-115,-0.0583,2026-09-27T17:22:47+00:00,64.0,over,2026-09-28T19:55:51+00:00
2026,3,00-0038935,player_reception_yds,Brenton Strange,JAX,NE,TE,NE @ JAX,2026-09-27T17:02:40Z,yards,34.5,0.4341,0.5658,0.4931,-5.9,0.15,under,-120,-0.0545,2026-09-27T17:22:47+00:00,32.0,under,2026-09-28T19:55:51+00:00
2026,3,00-0040719,player_receptions,Bhayshul Tuten,JAX,NE,RB,NE @ JAX,2026-09-27T17:02:40Z,count,1.5,0.2752,0.7248,0.4459,-17.1,0.15,under,-145,-0.0205,2026-09-27T17:22:47+00:00,2.0,over,2026-09-28T19:55:51+00:00
2026,3,00-0038606,player_receptions,Parker Washington,JAX,NE,WR,NE @ JAX,2026-09-27T17:02:40Z,count,4.5,0.4275,0.5725,0.4797,-5.2,0.15,under,-125,-0.0494,2026-09-27T17:22:47+00:00,3.0,under,2026-09-28T19:55:51+00:00
2026,3,00-0038935,player_receptions,Brenton Strange,JAX,NE,TE,NE @ JAX,2026-09-27T17:02:40Z,count,4.5,0.213,0.787,0.5203,-30.7,0.15,under,-105,0.0265,2026-09-27T17:22:47+00:00,3.0,under,2026-09-28T19:55:51+00:00
2026,3,00-0033555,player_receptions,Mack Hollins,NE,JAX,WR,NE @ JAX,2026-09-27T17:02:40Z,count,3.5,0.4456,0.5544,0.5101,-6.4,0.15,under,-110,-0.0463,2026-09-27T17:22:47+00:00,6.0,over,2026-09-28T19:55:51+00:00
2026,3,00-0033090,player_receptions,Hunter Henry,NE,JAX,TE,NE @ JAX,2026-09-27T17:02:40Z,count,3.5,0.4452,0.5548,0.5203,-7.5,0.15,under,-105,-0.0415,2026-09-27T17:22:47+00:00,1.0,under,2026-09-28T19:55:51+00:00
2026,3,00-0040734,player_receptions,TreVeyon Henderson,NE,JAX,RB,NE @ JAX,2026-09-27T17:02:40Z,count,1.5,0.3752,0.6248,0.5074,-13.2,0.15,over,-103,-0.0391,2026-09-27T17:22:47+00:00,1.0,under,2026-09-28T19:55:51+00:00
2026,3,00-0037816,player_receptions,Romeo Doubs,NE,JAX,WR,NE @ JAX,2026-09-27T17:02:40Z,count,2.5,0.5053,0.4947,0.5408,-3.5,0.15,under,105,-0.0477,2026-09-27T17:22:47+00:00,3.0,over,2026-09-28T19:55:51+00:00
2026,3,00-0034960,player_receptions,Jakobi Meyers,JAX,NE,WR,NE @ JAX,2026-09-27T17:02:40Z,count,3.5,0.4553,0.5447,0.5721,-11.7,0.15,under,120,-0.0201,2026-09-27T17:22:47+00:00,7.0,over,2026-09-28T19:55:51+00:00
2026,3,00-0040719,player_rush_yds,Bhayshul Tuten,JAX,NE,RB,NE @ JAX,2026-09-27T17:02:40Z,yards,53.5,0.1364,0.8636,0.4899,-35.4,0.15,under,-120,0.0324,2026-09-27T17:22:47+00:00,73.0,over,2026-09-28T19:55:51+00:00
2026,3,00-0036971,player_rush_yds,Trevor Lawrence,JAX,NE,QB,NE @ JAX,2026-09-27T17:02:40Z,yards,21.5,0.2844,0.7156,0.5014,-21.7,0.15,under,-115,-0.007,2026-09-27T17:22:47+00:00,25.0,over,2026-09-28T19:55:51+00:00
2026,3,00-0038621,player_reception_yds,DeMario Douglas,NE,JAX,WR,NE @ JAX,2026-09-27T17:02:40Z,yards,27.5,0.2936,0.7064,0.5,-20.6,0.15,under,-115,-0.0073,2026-09-27T17:22:47+00:00,38.0,over,2026-09-28T19:55:51+00:00
2026,3,00-0039893,player_reception_yds,Brian Thomas Jr.,JAX,NE,WR,NE @ JAX,2026-09-27T17:02:40Z,yards,28.5,0.7154,0.2846,0.509,20.6,0.15,over,-120,-0.0101,2026-09-27T17:22:47+00:00,8.0,under,2026-09-28T19:55:51+00:00
2026,3,00-0038611,player_rush_yds,Chris Rodriguez Jr.,JAX,NE,RB,NE @ JAX,2026-09-27T17:02:40Z,yards,16.5,0.773,0.227,0.5,27.3,0.15,over,-115,0.0113,2026-09-27T17:22:47+00:00,37.0,over,2026-09-28T19:55:51+00:00
2026,3,00-0039893,player_receptions,Brian Thomas Jr.,JAX,NE,WR,NE @ JAX,2026-09-27T17:02:40Z,count,2.5,0.5863,0.4137,0.375,21.1,0.15,over,150,0.0167,2026-09-27T17:22:47+00:00,1.0,under,2026-09-28T19:55:51+00:00
2026,3,00-0038621,player_receptions,DeMario Douglas,NE,JAX,WR,NE @ JAX,2026-09-27T17:02:40Z,count,2.5,0.3628,0.6372,0.5203,-15.7,0.15,under,-105,-0.0173,2026-09-27T17:22:47+00:00,1.0,under,2026-09-28T19:55:51+00:00
2026,3,00-0036875,player_receptions,Rhamondre Stevenson,NE,JAX,RB,NE @ JAX,2026-09-27T17:02:40Z,count,3.5,0.2636,0.7364,0.4085,-14.5,0.15,under,-170,-0.0261,2026-09-27T17:22:47+00:00,3.0,under,2026-09-28T19:55:51+00:00
2026,3,00-0033106,player_pass_yds,Jared Goff,DET,NYJ,QB,NYJ @ DET,2026-09-27T17:02:48Z,yards,259.5,0.4438,0.5562,0.5,-5.6,0.15,under,-114,-0.0456,2026-09-27T17:22:47+00:00,269.0,over,2026-09-28T19:55:51+00:00
2026,3,00-0039065,player_reception_yds,Sam LaPorta,DET,NYJ,TE,NYJ @ DET,2026-09-27T17:02:48Z,yards,45.5,0.4288,0.5712,0.5,-7.1,0.15,under,-114,-0.0414,2026-09-27T17:22:47+00:00,44.0,under,2026-09-28T19:55:51+00:00
2026,3,00-0039139,player_reception_yds,Jahmyr Gibbs,DET,NYJ,RB,NYJ @ DET,2026-09-27T17:02:48Z,yards,36.5,0.4106,0.5895,0.4949,-8.4,0.15,under,-120,-0.0508,2026-09-27T17:22:47+00:00,65.0,over,2026-09-28T19:55:51+00:00
2026,3,00-0037240,player_reception_yds,Jameson Williams,DET,NYJ,WR,NYJ @ DET,2026-09-27T17:02:48Z,yards,64.5,0.3004,0.6996,0.4964,-19.6,0.15,under,-118,-0.0153,2026-09-27T17:22:47+00:00,49.0,under,2026-09-28T19:55:51+00:00
2026,3,00-0036963,player_reception_yds,Amon-Ra St. Brown,DET,NYJ,WR,NYJ @ DET,2026-09-27T17:02:48Z,yards,67.5,0.5242,0.4758,0.5014,2.3,0.15,over,-115,-0.0562,2026-09-27T17:22:47+00:00,19.0,under,2026-09-28T19:55:51+00:00
2026,3,00-0033106,player_rush_yds,Jared Goff,DET,NYJ,QB,NYJ @ DET,2026-09-27T17:02:48Z,yards,0.5,0.4983,0.5017,0.3903,10.8,0.15,over,140,-0.0244,2026-09-27T17:22:47+00:00,6.0,over,2026-09-28T19:55:51+00:00
2026,3,00-0039139,player_rush_yds,Jahmyr Gibbs,DET,NYJ,RB,NYJ @ DET,2026-09-27T17:02:48Z,yards,78.5,0.3528,0.6472,0.5,-14.7,0.15,under,-114,-0.0199,2026-09-27T17:22:47+00:00,99.0,over,2026-09-28T19:55:51+00:00
2026,3,00-0033106,player_pass_tds,Jared Goff,DET,NYJ,QB,NYJ @ DET,2026-09-27T17:02:48Z,count,1.5,0.5476,0.4524,0.5267,2.1,0.15,over,-115,-0.0094,2026-09-27T17:22:47+00:00,2.0,over,2026-09-28T19:55:51+00:00
2026,3,00-0030565,player_pass_tds,Geno Smith,NYJ,DET,QB,NYJ @ DET,2026-09-27T17:02:48Z,count,0.5,0.7043,0.2957,0.6772,2.7,0.15,over,-250,-0.0462,2026-09-27T17:22:47+00:00,3.0,over,2026-09-28T19:55:51+00:00
2026,3,00-0030565,player_pass_yds,Geno Smith,NYJ,DET,QB,NYJ @ DET,2026-09-27T17:02:48Z,yards,209.5,0.4894,0.5107,0.5,-1.1,0.15,under,-115,-0.0622,2026-09-27T17:22:47+00:00,321.0,over,2026-09-28T19:55:51+00:00
2026,3,00-0040669,player_reception_yds,Isaac TeSlaa,DET,NYJ,WR,NYJ @ DET,2026-09-27T17:02:48Z,yards,12.5,0.4945,0.5055,0.4969,-0.2,0.15,over,-111,-0.0561,2026-09-27T17:22:47+00:00,66.0,over,2026-09-28T19:55:51+00:00
2026,3,00-0038120,player_reception_yds,Breece Hall,NYJ,DET,RB,NYJ @ DET,2026-09-27T17:02:48Z,yards,25.5,0.3031,0.6968,0.4971,-19.4,0.15,under,-121,-0.0283,2026-09-27T17:22:47+00:00,23.0,under,2026-09-28T19:55:51+00:00
2026,3,00-0037805,player_reception_yds,Jeremy Ruckert,NYJ,DET,TE,NYJ @ DET,2026-09-27T17:02:48Z,yards,20.5,0.1765,0.8235,0.5008,-32.4,0.15,under,-110,0.0459,2026-09-27T17:22:47+00:00,39.0,over,2026-09-28T19:55:51+00:00
2026,3,00-0037740,player_reception_yds,Garrett Wilson,NYJ,DET,WR,NYJ @ DET,2026-09-27T17:02:48Z,yards,67.5,0.2989,0.701,0.4899,-19.1,0.15,under,-120,-0.0123,2026-09-27T17:22:47+00:00,107.0,over,2026-09-28T19:55:51+00:00
2026,3,00-0039451,player_reception_yds,Isaiah Williams,NYJ,DET,WR,NYJ @ DET,2026-09-27T17:02:48Z,yards,24.5,0.3358,0.6642,0.5,-16.4,0.15,under,-115,-0.0192,2026-09-27T17:22:47+00:00,21.0,under,2026-09-28T19:55:51+00:00
2026,3,00-0038120,player_receptions,Breece Hall,NYJ,DET,RB,NYJ @ DET,2026-09-27T17:02:48Z,count,3.5,0.1935,0.8065,0.4165,-22.3,0.15,under,-165,-0.0091,2026-09-27T17:22:47+00:00,3.0,under,2026-09-28T19:55:51+00:00
2026,3,00-0039139,player_receptions,Jahmyr Gibbs,DET,NYJ,RB,NYJ @ DET,2026-09-27T17:02:48Z,count,4.5,0.3322,0.6678,0.5408,-20.9,0.15,under,105,0.0055,2026-09-27T17:22:47+00:00,7.0,over,2026-09-28T19:55:51+00:00
2026,3,00-0037740,player_receptions,Garrett Wilson,NYJ,DET,WR,NYJ @ DET,2026-09-27T17:02:48Z,count,7.5,0.1557,0.8443,0.4808,-32.5,0.15,over,108,-0.1014,2026-09-27T17:22:47+00:00,10.0,over,2026-09-28T19:55:51+00:00
2026,3,00-0039451,player_receptions,Isaiah Williams,NYJ,DET,WR,NYJ @ DET,2026-09-27T17:02:48Z,count,2.5,0.499,0.501,0.4797,1.9,0.15,over,-105,-0.0578,2026-09-27T17:22:47+00:00,1.0,under,2026-09-28T19:55:51+00:00
2026,3,00-0039065,player_receptions,Sam LaPorta,DET,NYJ,TE,NYJ @ DET,2026-09-27T17:02:48Z,count,4.5,0.3748,0.6252,0.5835,-20.9,0.15,under,125,0.0076,2026-09-27T17:22:47+00:00,3.0,under,2026-09-28T19:55:51+00:00
2026,3,00-0037240,player_receptions,Jameson Williams,DET,NYJ,WR,NYJ @ DET,2026-09-27T17:02:48Z,count,5.5,0.1439,0.856,0.4797,-33.6,0.15,under,-125,0.0272,2026-09-27T17:22:47+00:00,4.0,under,2026-09-28T19:55:51+00:00
2026,3,00-0040669,player_receptions,Isaac TeSlaa,DET,NYJ,WR,NYJ @ DET,2026-09-27T17:02:48Z,count,1.5,0.4095,0.5905,0.375,3.4,0.15,over,155,-0.0306,2026-09-27T17:22:47+00:00,3.0,over,2026-09-28T19:55:51+00:00
2026,3,00-0036963,player_receptions,Amon-Ra St. Brown,DET,NYJ,WR,NYJ @ DET,2026-09-27T17:02:48Z,count,6.5,0.4469,0.5532,0.4279,1.9,0.15,over,120,-0.0524,2026-09-27T17:22:47+00:00,4.0,under,2026-09-28T19:55:51+00:00
2026,3,00-0038120,player_rush_yds,Breece Hall,NYJ,DET,RB,NYJ @ DET,2026-09-27T17:02:48Z,yards,49.5,0.5585,0.4415,0.5051,5.3,0.15,over,-115,-0.0407,2026-09-27T17:22:47+00:00,32.0,under,2026-09-28T19:55:51+00:00
2026,3,00-0030565,player_rush_yds,Geno Smith,NYJ,DET,QB,NYJ @ DET,2026-09-27T17:02:48Z,yards,10.5,0.2683,0.7317,0.4648,-19.6,0.15,under,-120,0.0352,2026-09-27T17:22:47+00:00,12.0,over,2026-09-28T19:55:51+00:00
2026,3,00-0039794,player_rush_yds,Braelon Allen,NYJ,DET,RB,NYJ @ DET,2026-09-27T17:02:48Z,yards,11.5,0.6841,0.3159,0.4955,18.9,0.107,over,-110,-0.0156,2026-09-27T17:22:47+00:00,14.0,over,2026-09-28T19:55:51+00:00
2026,3,00-0039364,player_rush_yds,Sione Vaki,DET,NYJ,RB,NYJ @ DET,2026-09-27T17:02:48Z,yards,12.5,0.0791,0.9208,0.5,-42.1,0.15,under,-115,0.0528,2026-09-27T17:22:47+00:00,26.0,over,2026-09-28T19:55:51+00:00
2026,3,00-0039794,player_reception_yds,Braelon Allen,NYJ,DET,RB,NYJ @ DET,2026-09-27T17:02:48Z,yards,0.5,0.673,0.327,0.4694,20.4,0.107,over,100,-0.0177,2026-09-27T17:22:47+00:00,3.0,over,2026-09-28T19:55:51+00:00
2026,3,00-0039364,player_reception_yds,Sione Vaki,DET,NYJ,RB,NYJ @ DET,2026-09-27T17:02:48Z,yards,0.5,0.6852,0.3148,0.4899,19.5,0.15,over,-110,-0.0088,2026-09-27T17:22:47+00:00,11.0,over,2026-09-28T19:55:51+00:00
2026,3,00-0039794,player_receptions,Braelon Allen,NYJ,DET,RB,NYJ @ DET,2026-09-27T17:02:48Z,count,0.5,0.5333,0.4667,0.5101,2.3,0.107,over,-120,-0.0603,2026-09-27T17:22:47+00:00,3.0,over,2026-09-28T19:55:51+00:00
2026,3,00-0037805,player_receptions,Jeremy Ruckert,NYJ,DET,TE,NYJ @ DET,2026-09-27T17:02:48Z,count,2.5,0.3064,0.6936,0.625,-31.9,0.15,under,150,0.057,2026-09-27T17:22:47+00:00,5.0,over,2026-09-28T19:55:51+00:00
2026,3,00-0039364,player_receptions,Sione Vaki,DET,NYJ,RB,NYJ @ DET,2026-09-27T17:02:48Z,count,0.5,0.4319,0.5681,0.5408,-10.9,0.15,under,105,-0.0251,2026-09-27T17:22:47+00:00,1.0,over,2026-09-28T19:55:51+00:00
2026,3,00-0039451,player_rush_yds,Isaiah Williams,NYJ,DET,WR,NYJ @ DET,2026-09-27T17:02:48Z,yards,0.5,0.5753,0.4247,0.1875,38.8,0.15,over,400,0.2284,2026-09-27T17:22:47+00:00,0.0,under,2026-09-28T19:55:51+00:00
2026,3,00-0039915,player_reception_yds,Ladd McConkey,LAC,BUF,WR,LAC @ BUF,2026-09-27T17:02:53Z,yards,57.5,0.2752,0.7248,0.5,-22.5,0.15,under,-115,-0.0022,2026-09-27T17:22:47+00:00,66.0,over,2026-09-28T19:55:51+00:00
2026,3,00-0040189,player_reception_yds,Oronde Gadsden II,LAC,BUF,TE,LAC @ BUF,2026-09-27T17:02:53Z,yards,31.5,0.3603,0.6398,0.4988,-13.9,0.15,under,-114,-0.0201,2026-09-27T17:22:47+00:00,0.0,under,2026-09-28T19:55:51+00:00
2026,3,00-0038544,player_reception_yds,Quentin Johnston,LAC,BUF,WR,LAC @ BUF,2026-09-27T17:02:53Z,yards,30.5,0.5004,0.4996,0.5004,0.0,0.15,under,-112,-0.0543,2026-09-27T17:22:47+00:00,40.0,over,2026-09-28T19:55:51+00:00
2026,3,00-0040727,player_reception_yds,Tre Harris,LAC,BUF,WR,LAC @ BUF,2026-09-27T17:02:53Z,yards,24.5,0.4941,0.5059,0.5026,-0.8,0.15,under,-110,-0.048,2026-09-27T17:22:47+00:00,76.0,over,2026-09-28T19:55:51+00:00
2026,3,00-0039915,player_receptions,Ladd McConkey,LAC,BUF,WR,LAC @ BUF,2026-09-27T17:02:53Z,count,4.5,0.2955,0.7045,0.4425,-14.7,0.15,under,-150,-0.0341,2026-09-27T17:22:47+00:00,4.0,under,2026-09-28T19:55:51+00:00
2026,3,00-0040189,player_receptions,Oronde Gadsden II,LAC,BUF,TE,LAC @ BUF,2026-09-27T17:02:53Z,count,2.5,0.4592,0.5408,0.579,-12.0,0.15,under,130,0.0096,2026-09-27T17:22:47+00:00,0.0,under,2026-09-28T19:55:51+00:00
2026,3,00-0038544,player_receptions,Quentin Johnston,LAC,BUF,WR,LAC @ BUF,2026-09-27T17:02:53Z,count,2.5,0.5827,0.4173,0.5126,7.0,0.15,over,-120,-0.041,2026-09-27T17:22:47+00:00,3.0,over,2026-09-28T19:55:51+00:00
2026,3,00-0036355,player_pass_yds,Justin Herbert,LAC,BUF,QB,LAC @ BUF,2026-09-27T17:02:53Z,yards,202.5,0.4596,0.5404,0.4986,-3.9,0.15,under,-114,-0.0478,2026-09-27T17:22:47+00:00,226.0,over,2026-09-28T19:55:51+00:00
2026,3,00-0040666,player_reception_yds,Omarion Hampton,LAC,BUF,RB,LAC @ BUF,2026-09-27T17:02:53Z,yards,10.5,0.588,0.412,0.4447,14.3,0.15,over,107,-0.035,2026-09-27T17:22:47+00:00,0.0,under,2026-09-28T19:55:51+00:00
2026,3,00-0036355,player_rush_yds,Justin Herbert,LAC,BUF,QB,LAC @ BUF,2026-09-27T17:02:53Z,yards,24.5,0.4346,0.5654,0.5,-6.5,0.15,under,-114,-0.043,2026-09-27T17:22:47+00:00,17.0,under,2026-09-28T19:55:51+00:00
2026,3,00-0040666,player_rush_yds,Omarion Hampton,LAC,BUF,RB,LAC @ BUF,2026-09-27T17:02:53Z,yards,74.5,0.2775,0.7225,0.5,-22.2,0.15,under,-114,0.0012,2026-09-27T17:22:47+00:00,56.0,under,2026-09-28T19:55:51+00:00
2026,3,00-0038454,player_rush_yds,Keaton Mitchell,LAC,BUF,RB,LAC @ BUF,2026-09-27T17:02:53Z,yards,15.5,0.5438,0.4562,0.5,4.4,0.15,over,-114,-0.0491,2026-09-27T17:22:47+00:00,52.0,over,2026-09-28T19:55:51+00:00
2026,3,00-0036355,player_pass_tds,Justin Herbert,LAC,BUF,QB,LAC @ BUF,2026-09-27T17:02:53Z,count,2.5,0.1827,0.8174,0.3346,-15.2,0.15,under,-220,0.001,2026-09-27T17:22:47+00:00,1.0,under,2026-09-28T19:55:51+00:00
2026,3,00-0034857,player_pass_tds,Josh Allen,BUF,LAC,QB,LAC @ BUF,2026-09-27T17:02:53Z,count,1.5,0.4429,0.5571,0.5423,-9.9,0.15,under,110,-0.0075,2026-09-27T17:22:47+00:00,0.0,under,2026-09-28T19:55:51+00:00
2026,3,00-0034857,player_pass_yds,Josh Allen,BUF,LAC,QB,LAC @ BUF,2026-09-27T17:02:53Z,yards,236.5,0.4007,0.5993,0.5,-9.9,0.15,under,-115,-0.0374,2026-09-27T17:22:47+00:00,204.0,under,2026-09-28T19:55:51+00:00
2026,3,00-0038933,player_reception_yds,Dalton Kincaid,BUF,LAC,TE,LAC @ BUF,2026-09-27T17:02:53Z,yards,55.5,0.4144,0.5856,0.4971,-8.3,0.15,under,-121,-0.0588,2026-09-27T17:22:47+00:00,38.0,under,2026-09-28T19:55:51+00:00
2026,3,00-0037261,player_reception_yds,Khalil Shakir,BUF,LAC,WR,LAC @ BUF,2026-09-27T17:02:53Z,yards,38.5,0.4583,0.5416,0.5,-4.2,0.15,under,-115,-0.0535,2026-09-27T17:22:47+00:00,6.0,under,2026-09-28T19:55:51+00:00
2026,3,00-0037248,player_reception_yds,James Cook,BUF,LAC,RB,LAC @ BUF,2026-09-27T17:02:53Z,yards,10.5,0.3883,0.6117,0.4899,-10.2,0.15,under,-120,-0.0369,2026-09-27T17:22:47+00:00,0.0,under,2026-09-28T19:55:51+00:00
2026,3,00-0040666,player_receptions,Omarion Hampton,LAC,BUF,RB,LAC @ BUF,2026-09-27T17:02:53Z,count,1.5,0.6055,0.3945,0.4279,17.8,0.15,over,120,-0.0,2026-09-27T17:22:47+00:00,0.0,under,2026-09-28T19:55:51+00:00
2026,3,00-0037248,player_receptions,James Cook,BUF,LAC,RB,LAC @ BUF,2026-09-27T17:02:53Z,count,1.5,0.4989,0.5011,0.5633,-6.4,0.15,over,-127,-0.0104,2026-09-27T17:22:47+00:00,0.0,under,2026-09-28T19:55:51+00:00
2026,3,00-0037261,player_receptions,Khalil Shakir,BUF,LAC,WR,LAC @ BUF,2026-09-27T17:02:53Z,count,3.5,0.5792,0.4208,0.5408,3.8,0.15,over,-130,-0.033,2026-09-27T17:22:47+00:00,1.0,under,2026-09-28T19:55:51+00:00
2026,3,00-0038933,player_receptions,Dalton Kincaid,BUF,LAC,TE,LAC @ BUF,2026-09-27T17:02:53Z,count,3.5,0.4614,0.5386,0.6454,-18.4,0.15,over,-182,-0.0428,2026-09-27T17:22:47+00:00,2.0,under,2026-09-28T19:55:51+00:00
2026,3,00-0034857,player_rush_yds,Josh Allen,BUF,LAC,QB,LAC @ BUF,2026-09-27T17:02:53Z,yards,29.5,0.5309,0.4691,0.5051,2.6,0.15,over,-115,-0.0485,2026-09-27T17:22:47+00:00,22.0,under,2026-09-28T19:55:51+00:00
2026,3,00-0037248,player_rush_yds,James Cook,BUF,LAC,RB,LAC @ BUF,2026-09-27T17:02:53Z,yards,70.5,0.5107,0.4893,0.4899,2.1,0.15,over,-110,-0.0588,2026-09-27T17:22:47+00:00,154.0,over,2026-09-28T19:55:51+00:00
2026,3,00-0034827,player_reception_yds,DJ Moore,BUF,LAC,WR,LAC @ BUF,2026-09-27T17:02:53Z,yards,52.5,0.2535,0.7465,0.5,-24.6,0.15,under,-115,0.0039,2026-09-27T17:22:47+00:00,67.0,over,2026-09-28T19:55:51+00:00
2026,3,00-0038454,player_reception_yds,Keaton Mitchell,LAC,BUF,RB,LAC @ BUF,2026-09-27T17:02:53Z,yards,1.5,0.6568,0.3432,0.4592,19.8,0.15,over,105,0.0021,2026-09-27T17:22:47+00:00,-5.0,under,2026-09-28T19:55:51+00:00
2026,3,00-0034827,player_receptions,DJ Moore,BUF,LAC,WR,LAC @ BUF,2026-09-27T17:02:53Z,count,4.5,0.1713,0.8287,0.4797,-30.8,0.15,under,-125,0.0198,2026-09-27T17:22:47+00:00,6.0,over,2026-09-28T19:55:51+00:00
2026,3,00-0038454,player_receptions,Keaton Mitchell,LAC,BUF,RB,LAC @ BUF,2026-09-27T17:02:53Z,count,1.5,0.2515,0.7486,0.5,-24.9,0.15,under,-115,0.0045,2026-09-27T17:22:47+00:00,3.0,over,2026-09-28T19:55:51+00:00
2026,3,00-0040727,player_receptions,Tre Harris,LAC,BUF,WR,LAC @ BUF,2026-09-27T17:02:53Z,count,2.5,0.4083,0.5917,0.4007,0.8,0.15,over,135,-0.0557,2026-09-27T17:22:47+00:00,6.0,over,2026-09-28T19:55:51+00:00
2026,3,00-0040676,player_pass_yds,Cam Ward,TEN,NYG,QB,TEN @ NYG,2026-09-27T17:02:56Z,yards,163.5,0.521,0.479,0.5,2.1,0.15,over,-114,-0.0555,2026-09-27T17:22:47+00:00,181.0,over,2026-09-28T19:55:51+00:00
2026,3,00-0039032,player_reception_yds,Tyjae Spears,TEN,NYG,RB,TEN @ NYG,2026-09-27T17:02:56Z,yards,10.5,0.6505,0.3495,0.4899,16.1,0.15,over,-110,-0.0187,2026-09-27T17:22:47+00:00,0.0,under,2026-09-28T19:55:51+00:00
2026,3,00-0040584,player_reception_yds,Gunnar Helm,TEN,NYG,TE,TEN @ NYG,2026-09-27T17:02:56Z,yards,19.5,0.4184,0.5816,0.502,-8.4,0.15,under,-110,-0.0253,2026-09-27T17:22:47+00:00,14.0,under,2026-09-28T19:55:51+00:00
2026,3,00-0040170,player_reception_yds,Elic Ayomanor,TEN,NYG,WR,TEN @ NYG,2026-09-27T17:02:56Z,yards,13.5,0.8493,0.1507,0.4899,35.9,0.15,over,-110,0.0382,2026-09-27T17:22:47+00:00,11.0,under,2026-09-28T19:55:51+00:00
2026,3,00-0038117,player_reception_yds,Wan'Dale Robinson,TEN,NYG,WR,TEN @ NYG,2026-09-27T17:02:56Z,yards,27.5,0.6399,0.3601,0.499,14.1,0.15,over,-110,-0.007,2026-09-27T17:22:47+00:00,57.0,over,2026-09-28T19:55:51+00:00
2026,3,00-0034837,player_reception_yds,Calvin Ridley,TEN,NYG,WR,TEN @ NYG,2026-09-27T17:02:56Z,yards,12.5,0.7202,0.2798,0.4899,23.0,0.137,over,-110,-0.0046,2026-09-27T17:22:47+00:00,0.0,under,2026-09-28T19:55:51+00:00
2026,3,00-0035261,player_reception_yds,Tony Pollard,TEN,NYG,RB,TEN @ NYG,2026-09-27T17:02:56Z,yards,5.5,0.4582,0.5418,0.5101,-5.2,0.15,under,-110,-0.0499,2026-09-27T17:22:47+00:00,22.0,over,2026-09-28T19:55:51+00:00
2026,3,00-0039032,player_rush_yds,Tyjae Spears,TEN,NYG,RB,TEN @ NYG,2026-09-27T17:02:56Z,yards,13.5,0.646,0.354,0.5,14.6,0.15,over,-114,-0.0203,2026-09-27T17:22:47+00:00,5.0,under,2026-09-28T19:55:51+00:00
2026,3,00-0040676,player_rush_yds,Cam Ward,TEN,NYG,QB,TEN @ NYG,2026-09-27T17:02:56Z,yards,10.5,0.444,0.556,0.4914,-4.7,0.15,under,-110,-0.0154,2026-09-27T17:22:47+00:00,2.0,under,2026-09-28T19:55:51+00:00
2026,3,00-0040676,player_pass_tds,Cam Ward,TEN,NYG,QB,TEN @ NYG,2026-09-27T17:02:56Z,count,0.5,0.6711,0.3289,0.5788,9.2,0.15,over,-155,-0.025,2026-09-27T17:22:47+00:00,1.0,over,2026-09-28T19:55:51+00:00
2026,3,00-0031503,player_pass_tds,Jameis Winston,NYG,TEN,QB,TEN @ NYG,2026-09-27T17:02:56Z,count,0.5,0.3961,0.6039,0.6622,-26.6,0.073,under,170,-0.0354,2026-09-27T17:22:47+00:00,0.0,under,2026-09-28T19:55:51+00:00
2026,3,00-0031503,player_pass_yds,Jameis Winston,NYG,TEN,QB,TEN @ NYG,2026-09-27T17:02:56Z,yards,205.5,0.2754,0.7246,0.4971,-22.2,0.073,under,-121,-0.0519,2026-09-27T17:22:47+00:00,118.0,under,2026-09-28T19:55:51+00:00
2026,3,00-0040715,player_reception_yds,Cam Skattebo,NYG,TEN,RB,TEN @ NYG,2026-09-27T17:02:56Z,yards,36.5,0.1186,0.8814,0.4952,-37.7,0.15,under,-122,0.0214,2026-09-27T17:22:47+00:00,40.0,over,2026-09-28T19:55:51+00:00
2026,3,00-0039337,player_reception_yds,Malik Nabers,NYG,TEN,WR,TEN @ NYG,2026-09-27T17:02:56Z,yards,44.5,0.3594,0.6406,0.4899,-13.1,0.107,under,-120,-0.0392,2026-09-27T17:22:47+00:00,26.0,under,2026-09-28T19:55:51+00:00
2026,3,00-0037838,player_reception_yds,Isaiah Likely,NYG,TEN,TE,TEN @ NYG,2026-09-27T17:02:56Z,yards,35.5,0.3044,0.6956,0.4986,-19.4,0.15,under,-115,-0.0081,2026-09-27T17:22:47+00:00,13.0,under,2026-09-28T19:55:51+00:00
2026,3,00-0035261,player_receptions,Tony Pollard,TEN,NYG,RB,TEN @ NYG,2026-09-27T17:02:56Z,count,1.5,0.4677,0.5323,0.4,6.8,0.15,over,150,0.0254,2026-09-27T17:22:47+00:00,4.0,over,2026-09-28T19:55:51+00:00
2026,3,00-0038117,player_receptions,Wan'Dale Robinson,TEN,NYG,WR,TEN @ NYG,2026-09-27T17:02:56Z,count,3.5,0.6165,0.3835,0.4673,14.9,0.15,over,114,0.0479,2026-09-27T17:22:47+00:00,7.0,over,2026-09-28T19:55:51+00:00
2026,3,00-0040715,player_receptions,Cam Skattebo,NYG,TEN,RB,TEN @ NYG,2026-09-27T17:02:56Z,count,3.5,0.185,0.8151,0.4255,-24.1,0.15,over,135,-0.0848,2026-09-27T17:22:47+00:00,3.0,under,2026-09-28T19:55:51+00:00
2026,3,00-0037838,player_receptions,Isaiah Likely,NYG,TEN,TE,TEN @ NYG,2026-09-27T17:02:56Z,count,3.5,0.3481,0.652,0.5,-15.2,0.15,under,-115,-0.0226,2026-09-27T17:22:47+00:00,2.0,under,2026-09-28T19:55:51+00:00
2026,3,00-0040584,player_receptions,Gunnar Helm,TEN,NYG,TE,TEN @ NYG,2026-09-27T17:02:56Z,count,2.5,0.5165,0.4835,0.3909,12.6,0.15,over,140,-0.0166,2026-09-27T17:22:47+00:00,2.0,under,2026-09-28T19:55:51+00:00
2026,3,00-0039337,player_receptions,Malik Nabers,NYG,TEN,WR,TEN @ NYG,2026-09-27T17:02:56Z,count,4.5,0.2917,0.7083,0.4673,-17.6,0.107,over,114,-0.0402,2026-09-27T17:22:47+00:00,5.0,over,2026-09-28T19:55:51+00:00
2026,3,00-0040715,player_rush_yds,Cam Skattebo,NYG,TEN,RB,TEN @ NYG,2026-09-27T17:02:56Z,yards,61.5,0.3182,0.6818,0.5,-18.2,0.15,under,-115,-0.0142,2026-09-27T17:22:47+00:00,60.0,under,2026-09-28T19:55:51+00:00
2026,3,00-0035261,player_rush_yds,Tony Pollard,TEN,NYG,RB,TEN @ NYG,2026-09-27T17:02:56Z,yards,50.5,0.6139,0.3861,0.5,11.4,0.15,over,-115,-0.0333,2026-09-27T17:22:47+00:00,74.0,over,2026-09-28T19:55:51+00:00
2026,3,00-0036893,player_reception_yds,Najee Harris,NYG,TEN,RB,TEN @ NYG,2026-09-27T17:02:56Z,yards,0.5,0.6259,0.3741,0.3909,23.5,0.073,over,140,-0.0206,2026-09-27T17:22:47+00:00,0.0,under,2026-09-28T19:55:51+00:00
2026,3,00-0034837,player_receptions,Calvin Ridley,TEN,NYG,WR,TEN @ NYG,2026-09-27T17:02:56Z,count,1.5,0.6548,0.3452,0.4085,24.6,0.137,over,130,0.0171,2026-09-27T17:22:47+00:00,0.0,under,2026-09-28T19:55:51+00:00
2026,3,00-0040170,player_receptions,Elic Ayomanor,TEN,NYG,WR,TEN @ NYG,2026-09-27T17:02:56Z,count,1.5,0.6637,0.3363,0.4085,25.5,0.15,over,130,0.0276,2026-09-27T17:22:47+00:00,1.0,under,2026-09-28T19:55:51+00:00
2026,3,00-0036893,player_receptions,Najee Harris,NYG,TEN,RB,TEN @ NYG,2026-09-27T17:02:56Z,count,0.5,0.5465,0.4535,0.4367,11.0,0.073,over,115,-0.0438,2026-09-27T17:22:47+00:00,0.0,under,2026-09-28T19:55:51+00:00
2026,3,00-0031503,player_rush_yds,Jameis Winston,NYG,TEN,QB,TEN @ NYG,2026-09-27T17:02:56Z,yards,5.5,0.3677,0.6323,0.5101,-14.2,0.073,under,-110,-0.0449,2026-09-27T17:22:47+00:00,14.0,over,2026-09-28T19:55:51+00:00
2026,3,00-0036893,player_rush_yds,Najee Harris,NYG,TEN,RB,TEN @ NYG,2026-09-27T17:02:56Z,yards,18.5,0.3513,0.6487,0.4899,-13.9,0.073,under,-120,-0.0462,2026-09-27T17:22:47+00:00,52.0,over,2026-09-28T19:55:51+00:00
2026,3,00-0040466,player_reception_yds,Raheim Sanders,CLE,CAR,RB,CAR @ CLE,2026-09-27T17:02:57Z,yards,8.5,0.4565,0.5435,0.4951,-3.9,0.107,under,-120,-0.0668,2026-09-27T17:22:47+00:00,34.0,over,2026-09-28T19:55:51+00:00
2026,3,00-0040466,player_receptions,Raheim Sanders,CLE,CAR,RB,CAR @ CLE,2026-09-27T17:02:57Z,count,1.5,0.3896,0.6104,0.5575,-16.8,0.107,under,110,-0.0331,2026-09-27T17:22:47+00:00,4.0,over,2026-09-28T19:55:51+00:00
2026,3,00-0040466,player_rush_yds,Raheim Sanders,CLE,CAR,RB,CAR @ CLE,2026-09-27T17:02:57Z,yards,6.5,0.6201,0.3799,0.4899,13.0,0.107,over,-110,-0.0382,2026-09-27T17:22:47+00:00,17.0,over,2026-09-28T19:55:51+00:00
2026,3,00-0040187,player_reception_yds,Mitchell Evans,CAR,CLE,TE,CAR @ CLE,2026-09-27T17:02:57Z,yards,4.5,0.7364,0.2636,0.5061,23.0,0.15,over,-118,-0.0012,2026-09-27T17:22:47+00:00,36.0,over,2026-09-28T19:55:51+00:00
2026,3,00-0039491,player_reception_yds,Jalen Coker,CAR,CLE,WR,CAR @ CLE,2026-09-27T17:02:57Z,yards,47.5,0.3964,0.6036,0.4899,-9.4,0.15,under,-120,-0.0391,2026-09-27T17:22:47+00:00,18.0,under,2026-09-28T19:55:51+00:00
2026,3,00-0037005,player_reception_yds,Tommy Tremble,CAR,CLE,TE,CAR @ CLE,2026-09-27T17:02:57Z,yards,25.5,0.1866,0.8134,0.5071,-32.0,0.15,under,-108,0.0419,2026-09-27T17:22:47+00:00,41.0,over,2026-09-28T19:55:51+00:00
2026,3,00-0036555,player_reception_yds,Chuba Hubbard,CAR,CLE,RB,CAR @ CLE,2026-09-27T17:02:57Z,yards,11.5,0.4421,0.5579,0.5101,-6.8,0.15,under,-110,-0.0453,2026-09-27T17:22:47+00:00,28.0,over,2026-09-28T19:55:51+00:00
2026,3,00-0031610,player_reception_yds,Darren Waller,CAR,CLE,TE,CAR @ CLE,2026-09-27T17:02:57Z,yards,16.5,0.5925,0.4075,0.5014,9.1,0.15,over,-115,-0.0371,2026-09-27T17:22:47+00:00,51.0,over,2026-09-28T19:55:51+00:00
2026,3,00-0040124,player_reception_yds,Tetairoa McMillan,CAR,CLE,WR,CAR @ CLE,2026-09-27T17:02:57Z,yards,54.5,0.3942,0.6058,0.497,-10.3,0.15,under,-115,-0.0308,2026-09-27T17:22:47+00:00,17.0,under,2026-09-28T19:55:51+00:00
2026,3,00-0040784,player_rush_yds,Quinshon Judkins,CLE,CAR,RB,CAR @ CLE,2026-09-27T17:02:57Z,yards,61.5,0.2738,0.7262,0.4949,-22.1,0.15,under,-115,0.0063,2026-09-27T17:22:47+00:00,70.0,over,2026-09-28T19:55:51+00:00
2026,3,00-0039150,player_pass_tds,Bryce Young,CAR,CLE,QB,CAR @ CLE,2026-09-27T17:02:57Z,count,1.5,0.4669,0.5331,0.3301,13.7,0.15,over,190,0.0168,2026-09-27T17:22:47+00:00,1.0,under,2026-09-28T19:55:51+00:00
2026,3,00-0039150,player_pass_yds,Bryce Young,CAR,CLE,QB,CAR @ CLE,2026-09-27T17:02:57Z,yards,224.5,0.3577,0.6423,0.4951,-13.7,0.15,under,-120,-0.0366,2026-09-27T17:22:47+00:00,291.0,over,2026-09-28T19:55:51+00:00
2026,3,00-0040784,player_reception_yds,Quinshon Judkins,CLE,CAR,RB,CAR @ CLE,2026-09-27T17:02:57Z,yards,10.5,0.5124,0.4876,0.4952,1.7,0.15,under,-115,-0.0611,2026-09-27T17:22:47+00:00,9.0,under,2026-09-28T19:55:51+00:00
2026,3,00-0040663,player_reception_yds,Harold Fannin Jr.,CLE,CAR,TE,CAR @ CLE,2026-09-27T17:02:57Z,yards,34.5,0.5345,0.4655,0.4899,4.5,0.15,over,-110,-0.052,2026-09-27T17:22:47+00:00,51.0,over,2026-09-28T19:55:51+00:00
2026,3,00-0031610,player_receptions,Darren Waller,CAR,CLE,TE,CAR @ CLE,2026-09-27T17:02:57Z,count,1.5,0.6346,0.3654,0.5408,9.4,0.15,over,-135,-0.0341,2026-09-27T17:22:47+00:00,5.0,over,2026-09-28T19:55:51+00:00
2026,3,00-0039491,player_receptions,Jalen Coker,CAR,CLE,WR,CAR @ CLE,2026-09-27T17:02:57Z,count,4.5,0.3245,0.6755,0.4085,-8.4,0.15,under,-170,-0.0405,2026-09-27T17:22:47+00:00,2.0,under,2026-09-28T19:55:51+00:00
2026,3,00-0040124,player_receptions,Tetairoa McMillan,CAR,CLE,WR,CAR @ CLE,2026-09-27T17:02:57Z,count,4.5,0.2213,0.7787,0.6552,-43.4,0.15,over,-190,-0.0993,2026-09-27T17:22:47+00:00,2.0,under,2026-09-28T19:55:51+00:00
2026,3,00-0036555,player_receptions,Chuba Hubbard,CAR,CLE,RB,CAR @ CLE,2026-09-27T17:02:57Z,count,2.5,0.274,0.726,0.3685,-9.5,0.15,under,-205,-0.0394,2026-09-27T17:22:47+00:00,4.0,over,2026-09-28T19:55:51+00:00
2026,3,00-0040784,player_receptions,Quinshon Judkins,CLE,CAR,RB,CAR @ CLE,2026-09-27T17:02:57Z,count,2.5,0.4125,0.5875,0.3909,2.2,0.15,over,140,-0.0541,2026-09-27T17:22:47+00:00,2.0,under,2026-09-28T19:55:51+00:00
2026,3,00-0040663,player_receptions,Harold Fannin Jr.,CLE,CAR,TE,CAR @ CLE,2026-09-27T17:02:57Z,count,3.5,0.4761,0.5239,0.5101,-3.4,0.15,over,100,0.01,2026-09-27T17:22:47+00:00,7.0,over,2026-09-28T19:55:51+00:00
2026,3,00-0036555,player_rush_yds,Chuba Hubbard,CAR,CLE,RB,CAR @ CLE,2026-09-27T17:02:57Z,yards,57.5,0.1462,0.8538,0.4991,-35.3,0.15,under,-115,0.0354,2026-09-27T17:22:47+00:00,82.0,over,2026-09-28T19:55:51+00:00
2026,3,00-0039150,player_rush_yds,Bryce Young,CAR,CLE,QB,CAR @ CLE,2026-09-27T17:02:57Z,yards,10.5,0.4093,0.5907,0.489,-8.0,0.15,under,-110,-0.0016,2026-09-27T17:22:47+00:00,0.0,under,2026-09-28T19:55:51+00:00
2026,3,00-0036265,player_rush_yds,AJ Dillon,CAR,CLE,RB,CAR @ CLE,2026-09-27T17:02:57Z,yards,10.5,0.3333,0.6667,0.4696,-13.6,0.137,under,-125,-0.0117,2026-09-27T17:22:47+00:00,16.0,over,2026-09-28T19:55:51+00:00
2026,3,00-0036407,player_reception_yds,Jerry Jeudy,CLE,CAR,WR,CAR @ CLE,2026-09-27T17:02:57Z,yards,17.5,0.5279,0.4721,0.4899,3.8,0.15,over,-110,-0.0539,2026-09-27T17:22:47+00:00,,dnp,2026-09-28T19:55:51+00:00
2026,3,00-0037614,player_reception_yds,John Metchie III,CAR,CLE,WR,CAR @ CLE,2026-09-27T17:02:57Z,yards,6.5,0.7125,0.2875,0.5101,20.2,0.15,over,-120,-0.0092,2026-09-27T17:22:47+00:00,19.0,over,2026-09-28T19:55:51+00:00
2026,3,00-0036407,player_receptions,Jerry Jeudy,CLE,CAR,WR,CAR @ CLE,2026-09-27T17:02:57Z,count,1.5,0.6456,0.3544,0.5101,13.6,0.15,over,-120,-0.0275,2026-09-27T17:22:47+00:00,,dnp,2026-09-28T19:55:51+00:00
2026,3,00-0037614,player_receptions,John Metchie III,CAR,CLE,WR,CAR @ CLE,2026-09-27T17:02:57Z,count,0.5,0.8693,0.1307,0.6706,19.9,0.15,over,-250,-0.0194,2026-09-27T17:22:47+00:00,2.0,over,2026-09-28T19:55:51+00:00
2026,3,00-0032268,player_pass_yds,Marcus Mariota,WAS,SEA,QB,SEA @ WAS,2026-09-27T17:03:12Z,yards,159.5,0.3693,0.6307,0.5,-13.1,0.15,under,-114,-0.0246,2026-09-27T17:22:47+00:00,183.0,over,2026-09-28T19:55:51+00:00
2026,3,00-0034869,player_pass_yds,Sam Darnold,SEA,WAS,QB,SEA @ WAS,2026-09-27T17:03:12Z,yards,229.5,0.3457,0.6543,0.5,-15.4,0.15,under,-114,-0.018,2026-09-27T17:22:47+00:00,379.0,over,2026-09-28T19:55:51+00:00
2026,3,00-0035659,player_reception_yds,Terry McLaurin,WAS,SEA,WR,SEA @ WAS,2026-09-27T17:03:12Z,yards,35.5,0.5818,0.4182,0.5051,7.7,0.15,over,-114,-0.0302,2026-09-27T17:22:47+00:00,77.0,over,2026-09-28T19:55:51+00:00
2026,3,00-0036626,player_reception_yds,Dyami Brown,WAS,SEA,WR,SEA @ WAS,2026-09-27T17:03:12Z,yards,7.5,0.4606,0.5394,0.4858,-2.5,0.15,under,-122,-0.0574,2026-09-27T17:22:47+00:00,0.0,under,2026-09-28T19:55:51+00:00
2026,3,00-0039793,player_reception_yds,AJ Barner,SEA,WAS,TE,SEA @ WAS,2026-09-27T17:03:12Z,yards,22.5,0.5003,0.4997,0.4957,0.5,0.15,under,-115,-0.0585,2026-09-27T17:22:47+00:00,69.0,over,2026-09-28T19:55:51+00:00
2026,3,00-0037256,player_reception_yds,Rachaad White,WAS,SEA,RB,SEA @ WAS,2026-09-27T17:03:12Z,yards,18.5,0.3607,0.6393,0.4899,-12.9,0.15,under,-120,-0.0293,2026-09-27T17:22:47+00:00,6.0,under,2026-09-28T19:55:51+00:00
2026,3,00-0038543,player_reception_yds,Jaxon Smith-Njigba,SEA,WAS,WR,SEA @ WAS,2026-09-27T17:03:12Z,yards,90.5,0.6327,0.3673,0.5,13.3,0.15,over,-114,-0.0241,2026-09-27T17:22:47+00:00,128.0,over,2026-09-28T19:55:51+00:00
2026,3,00-0031588,player_reception_yds,Stefon Diggs,WAS,SEA,WR,SEA @ WAS,2026-09-27T17:03:12Z,yards,29.5,0.6587,0.3413,0.503,15.6,0.15,over,-115,-0.0159,2026-09-27T17:22:47+00:00,33.0,over,2026-09-28T19:55:51+00:00
2026,3,00-0037545,player_reception_yds,Rashid Shaheed,SEA,WAS,WR,SEA @ WAS,2026-09-27T17:03:12Z,yards,36.5,0.256,0.744,0.5,-24.4,0.15,under,-114,0.0073,2026-09-27T17:22:47+00:00,14.0,under,2026-09-28T19:55:51+00:00
2026,3,00-0033908,player_reception_yds,Cooper Kupp,SEA,WAS,WR,SEA @ WAS,2026-09-27T17:03:12Z,yards,19.5,0.7578,0.2422,0.5,25.8,0.15,over,-114,0.0112,2026-09-27T17:22:47+00:00,46.0,over,2026-09-28T19:55:51+00:00
2026,3,00-0040739,player_reception_yds,Elijah Arroyo,SEA,WAS,TE,SEA @ WAS,2026-09-27T17:03:12Z,yards,5.5,0.5464,0.4536,0.491,5.5,0.15,over,-111,-0.0508,2026-09-27T17:22:47+00:00,,dnp,2026-09-28T19:55:51+00:00
2026,3,00-0034869,player_rush_yds,Sam Darnold,SEA,WAS,QB,SEA @ WAS,2026-09-27T17:03:12Z,yards,7.5,0.2913,0.7087,0.4899,-19.9,0.15,under,-120,-0.0102,2026-09-27T17:22:47+00:00,5.0,under,2026-09-28T19:55:51+00:00
2026,3,00-0037256,player_rush_yds,Rachaad White,WAS,SEA,RB,SEA @ WAS,2026-09-27T17:03:12Z,yards,17.5,0.713,0.287,0.5105,20.2,0.15,over,-120,-0.0084,2026-09-27T17:22:47+00:00,35.0,over,2026-09-28T19:55:51+00:00
2026,3,00-0040242,player_rush_yds,Jacory Croskey-Merritt,WAS,SEA,RB,SEA @ WAS,2026-09-27T17:03:12Z,yards,51.5,0.2876,0.7124,0.4991,-21.1,0.15,under,-114,-0.0002,2026-09-27T17:22:47+00:00,36.0,under,2026-09-28T19:55:51+00:00
2026,3,00-0032268,player_rush_yds,Marcus Mariota,WAS,SEA,QB,SEA @ WAS,2026-09-27T17:03:12Z,yards,19.5,0.4633,0.5367,0.5,-3.7,0.15,under,-115,-0.0549,2026-09-27T17:22:47+00:00,11.0,under,2026-09-28T19:55:51+00:00
2026,3,00-0038797,player_rush_yds,Emanuel Wilson,SEA,WAS,RB,SEA @ WAS,2026-09-27T17:03:12Z,yards,24.5,0.5313,0.4687,0.5,3.1,0.15,over,-114,-0.0526,2026-09-27T17:22:47+00:00,14.0,under,2026-09-28T19:55:51+00:00
2026,3,00-0032268,player_pass_tds,Marcus Mariota,WAS,SEA,QB,SEA @ WAS,2026-09-27T17:03:12Z,count,1.5,0.2574,0.7427,0.5431,-28.6,0.15,under,102,0.0095,2026-09-27T17:22:47+00:00,3.0,over,2026-09-28T19:55:51+00:00
2026,3,00-0034869,player_pass_tds,Sam Darnold,SEA,WAS,QB,SEA @ WAS,2026-09-27T17:03:12Z,count,1.5,0.3432,0.6568,0.4773,-13.4,0.15,under,-110,0.0363,2026-09-27T17:22:47+00:00,4.0,over,2026-09-28T19:55:51+00:00
2026,3,00-0035659,player_receptions,Terry McLaurin,WAS,SEA,WR,SEA @ WAS,2026-09-27T17:03:12Z,count,2.5,0.5715,0.4285,0.5915,-2.0,0.15,over,-150,-0.0192,2026-09-27T17:22:47+00:00,6.0,over,2026-09-28T19:55:51+00:00
2026,3,00-0037545,player_receptions,Rashid Shaheed,SEA,WAS,WR,SEA @ WAS,2026-09-27T17:03:12Z,count,3.5,0.257,0.743,0.4459,-18.9,0.15,under,-145,-0.0159,2026-09-27T17:22:47+00:00,2.0,under,2026-09-28T19:55:51+00:00
2026,3,00-0039793,player_receptions,AJ Barner,SEA,WAS,TE,SEA @ WAS,2026-09-27T17:03:12Z,count,2.5,0.4592,0.5408,0.4694,-1.0,0.15,under,-130,-0.0586,2026-09-27T17:22:47+00:00,5.0,over,2026-09-28T19:55:51+00:00
2026,3,00-0038543,player_receptions,Jaxon Smith-Njigba,SEA,WAS,WR,SEA @ WAS,2026-09-27T17:03:12Z,count,6.5,0.5891,0.4109,0.4899,9.9,0.15,over,-110,-0.0363,2026-09-27T17:22:47+00:00,10.0,over,2026-09-28T19:55:51+00:00
2026,3,00-0031588,player_receptions,Stefon Diggs,WAS,SEA,WR,SEA @ WAS,2026-09-27T17:03:12Z,count,3.5,0.5931,0.4069,0.4279,16.5,0.15,over,120,-0.0041,2026-09-27T17:22:47+00:00,4.0,over,2026-09-28T19:55:51+00:00
2026,3,00-0040648,player_reception_yds,Tory Horton,SEA,WAS,WR,SEA @ WAS,2026-09-27T17:03:12Z,yards,0.5,0.9692,0.0308,0.4165,55.3,0.137,over,125,0.1074,2026-09-27T17:22:47+00:00,48.0,over,2026-09-28T19:55:51+00:00
2026,3,00-0040242,player_reception_yds,Jacory Croskey-Merritt,WAS,SEA,RB,SEA @ WAS,2026-09-27T17:03:12Z,yards,7.5,0.078,0.9221,0.5101,-43.2,0.15,under,-110,0.059,2026-09-27T17:22:47+00:00,7.0,under,2026-09-28T19:55:51+00:00
2026,3,00-0040242,player_receptions,Jacory Croskey-Merritt,WAS,SEA,RB,SEA @ WAS,2026-09-27T17:03:12Z,count,1.5,0.1981,0.8019,0.5915,-39.3,0.15,under,130,0.0753,2026-09-27T17:22:47+00:00,1.0,under,2026-09-28T19:55:51+00:00
2026,3,00-0039299,player_rush_yds,George Holani,SEA,WAS,RB,SEA @ WAS,2026-09-27T17:03:12Z,yards,18.5,0.2516,0.7484,0.4899,-23.8,0.15,under,-120,0.0007,2026-09-27T17:22:47+00:00,10.0,under,2026-09-28T19:55:51+00:00
2026,3,00-0039163,player_pass_yds,C.J. Stroud,HOU,IND,QB,HOU @ IND,2026-09-27T17:03:23Z,yards,211.5,0.7569,0.2431,0.5,25.7,0.15,over,-114,0.0109,2026-09-27T17:22:47+00:00,167.0,under,2026-09-28T19:55:51+00:00
2026,3,00-0035685,player_reception_yds,David Montgomery,HOU,IND,RB,HOU @ IND,2026-09-27T17:03:23Z,yards,8.5,0.614,0.386,0.4899,12.4,0.15,over,-110,-0.0292,2026-09-27T17:22:47+00:00,15.0,over,2026-09-28T19:55:51+00:00
2026,3,00-0040138,player_reception_yds,Jaylin Noel,HOU,IND,WR,HOU @ IND,2026-09-27T17:03:23Z,yards,23.5,0.4023,0.5977,0.503,-10.1,0.15,under,-112,-0.0307,2026-09-27T17:22:47+00:00,17.0,under,2026-09-28T19:55:51+00:00
2026,3,00-0038608,player_reception_yds,Kayshon Boutte,HOU,IND,WR,HOU @ IND,2026-09-27T17:03:23Z,yards,31.5,0.4291,0.5709,0.5,-7.1,0.15,under,-114,-0.0415,2026-09-27T17:22:47+00:00,21.0,under,2026-09-28T19:55:51+00:00
2026,3,00-0038728,player_reception_yds,Jared Wayne,HOU,IND,WR,HOU @ IND,2026-09-27T17:03:23Z,yards,12.5,0.7997,0.2003,0.5096,29.0,0.056,over,-120,-0.0358,2026-09-27T17:22:47+00:00,20.0,over,2026-09-28T19:55:51+00:00
2026,3,00-0040583,player_reception_yds,Woody Marks,HOU,IND,RB,HOU @ IND,2026-09-27T17:03:23Z,yards,8.5,0.3706,0.6294,0.5101,-13.9,0.15,under,-110,-0.0248,2026-09-27T17:22:47+00:00,6.0,under,2026-09-28T19:55:51+00:00
2026,3,00-0034383,player_reception_yds,Dalton Schultz,HOU,IND,TE,HOU @ IND,2026-09-27T17:03:23Z,yards,42.5,0.5957,0.4043,0.4976,9.8,0.15,over,-114,-0.0383,2026-09-27T17:22:47+00:00,30.0,under,2026-09-28T19:55:51+00:00
2026,3,00-0038618,player_reception_yds,Xavier Hutchinson,HOU,IND,WR,HOU @ IND,2026-09-27T17:03:23Z,yards,33.5,0.3728,0.6272,0.4899,-11.7,0.15,under,-120,-0.0326,2026-09-27T17:22:47+00:00,51.0,over,2026-09-28T19:55:51+00:00
2026,3,00-0040583,player_rush_yds,Woody Marks,HOU,IND,RB,HOU @ IND,2026-09-27T17:03:23Z,yards,21.5,0.8256,0.1744,0.49,33.6,0.15,over,-111,0.0271,2026-09-27T17:22:47+00:00,15.0,under,2026-09-28T19:55:51+00:00
2026,3,00-0035685,player_rush_yds,David Montgomery,HOU,IND,RB,HOU @ IND,2026-09-27T17:03:23Z,yards,47.5,0.2334,0.7667,0.4899,-25.7,0.15,under,-120,0.0057,2026-09-27T17:22:47+00:00,33.0,under,2026-09-28T19:55:51+00:00
2026,3,00-0039163,player_rush_yds,C.J. Stroud,HOU,IND,QB,HOU @ IND,2026-09-27T17:03:23Z,yards,8.5,0.5408,0.4592,0.5071,3.4,0.15,over,-115,-0.0425,2026-09-27T17:22:47+00:00,10.0,over,2026-09-28T19:55:51+00:00
2026,3,00-0039163,player_pass_tds,C.J. Stroud,HOU,IND,QB,HOU @ IND,2026-09-27T17:03:23Z,count,1.5,0.3448,0.6552,0.3692,-2.4,0.15,under,-185,-0.0226,2026-09-27T17:22:47+00:00,1.0,under,2026-09-28T19:55:51+00:00
2026,3,00-0035710,player_pass_tds,Daniel Jones,IND,HOU,QB,HOU @ IND,2026-09-27T17:03:23Z,count,1.5,0.3311,0.6689,0.3115,2.0,0.15,over,200,-0.0567,2026-09-27T17:22:47+00:00,1.0,under,2026-09-28T19:55:51+00:00
2026,3,00-0035710,player_pass_yds,Daniel Jones,IND,HOU,QB,HOU @ IND,2026-09-27T17:03:23Z,yards,231.5,0.3182,0.6818,0.5,-18.2,0.15,under,-115,-0.0142,2026-09-27T17:22:47+00:00,235.0,over,2026-09-28T19:55:51+00:00
2026,3,00-0030279,player_reception_yds,Keenan Allen,IND,HOU,WR,HOU @ IND,2026-09-27T17:03:23Z,yards,26.5,0.489,0.511,0.506,-1.7,0.15,under,-111,-0.0561,2026-09-27T17:22:47+00:00,63.0,over,2026-09-28T19:55:51+00:00
2026,3,00-0040128,player_reception_yds,Tyler Warren,IND,HOU,TE,HOU @ IND,2026-09-27T17:03:23Z,yards,68.5,0.0517,0.9483,0.5,-44.8,0.15,under,-115,0.0605,2026-09-27T17:22:47+00:00,55.0,under,2026-09-28T19:55:51+00:00
2026,3,00-0032951,player_reception_yds,Laquon Treadwell,IND,HOU,WR,HOU @ IND,2026-09-27T17:03:23Z,yards,18.5,0.1788,0.8212,0.5,-32.1,0.137,under,-115,0.017,2026-09-27T17:22:47+00:00,20.0,over,2026-09-28T19:55:51+00:00
2026,3,00-0036223,player_reception_yds,Jonathan Taylor,IND,HOU,RB,HOU @ IND,2026-09-27T17:03:23Z,yards,18.5,0.501,0.499,0.4899,1.1,0.15,over,-110,-0.0615,2026-09-27T17:22:47+00:00,4.0,under,2026-09-28T19:55:51+00:00
2026,3,00-0038997,player_reception_yds,Josh Downs,IND,HOU,WR,HOU @ IND,2026-09-27T17:03:23Z,yards,41.5,0.4016,0.5984,0.4952,-9.4,0.15,under,-122,-0.0559,2026-09-27T17:22:47+00:00,77.0,over,2026-09-28T19:55:51+00:00
2026,3,00-0040128,player_receptions,Tyler Warren,IND,HOU,TE,HOU @ IND,2026-09-27T17:03:23Z,count,5.5,0.1629,0.8371,0.6454,-48.2,0.15,over,-182,-0.1121,2026-09-27T17:22:47+00:00,9.0,over,2026-09-28T19:55:51+00:00
2026,3,00-0036223,player_receptions,Jonathan Taylor,IND,HOU,RB,HOU @ IND,2026-09-27T17:03:23Z,count,2.5,0.4499,0.5501,0.5,-5.0,0.15,over,100,-0.015,2026-09-27T17:22:47+00:00,2.0,under,2026-09-28T19:55:51+00:00
2026,3,00-0038997,player_receptions,Josh Downs,IND,HOU,WR,HOU @ IND,2026-09-27T17:03:23Z,count,3.5,0.4089,0.5911,0.6183,-20.9,0.15,over,-162,-0.0508,2026-09-27T17:22:47+00:00,5.0,over,2026-09-28T19:55:51+00:00
2026,3,00-0040583,player_receptions,Woody Marks,HOU,IND,RB,HOU @ IND,2026-09-27T17:03:23Z,count,1.5,0.5246,0.4754,0.5408,-1.6,0.15,over,-120,-0.013,2026-09-27T17:22:47+00:00,1.0,under,2026-09-28T19:55:51+00:00
2026,3,00-0035685,player_receptions,David Montgomery,HOU,IND,RB,HOU @ IND,2026-09-27T17:03:23Z,count,1.5,0.4287,0.5713,0.4651,-3.6,0.15,over,115,-0.0117,2026-09-27T17:22:47+00:00,2.0,over,2026-09-28T19:55:51+00:00
2026,3,00-0038618,player_receptions,Xavier Hutchinson,HOU,IND,WR,HOU @ IND,2026-09-27T17:03:23Z,count,2.5,0.4814,0.5187,0.5721,-9.1,0.15,under,120,-0.0287,2026-09-27T17:22:47+00:00,3.0,over,2026-09-28T19:55:51+00:00
2026,3,00-0032951,player_receptions,Laquon Treadwell,IND,HOU,WR,HOU @ IND,2026-09-27T17:03:23Z,count,1.5,0.2389,0.7611,0.5,-26.1,0.137,over,100,-0.0715,2026-09-27T17:22:47+00:00,1.0,under,2026-09-28T19:55:51+00:00
2026,3,00-0034383,player_receptions,Dalton Schultz,HOU,IND,TE,HOU @ IND,2026-09-27T17:03:23Z,count,4.5,0.5929,0.4071,0.4592,13.4,0.15,over,105,-0.0175,2026-09-27T17:22:47+00:00,3.0,under,2026-09-28T19:55:51+00:00
2026,3,00-0038728,player_receptions,Jared Wayne,HOU,IND,WR,HOU @ IND,2026-09-27T17:03:23Z,count,1.5,0.6555,0.3445,0.4255,23.0,0.056,over,135,0.0304,2026-09-27T17:22:47+00:00,1.0,under,2026-09-28T19:55:51+00:00
2026,3,00-0040138,player_receptions,Jaylin Noel,HOU,IND,WR,HOU @ IND,2026-09-27T17:03:23Z,count,1.5,0.4981,0.5019,0.6667,-16.9,0.15,over,-200,-0.0379,2026-09-27T17:22:47+00:00,2.0,over,2026-09-28T19:55:51+00:00
2026,3,00-0030279,player_receptions,Keenan Allen,IND,HOU,WR,HOU @ IND,2026-09-27T17:03:23Z,count,3.5,0.453,0.5471,0.4797,-2.7,0.15,under,-125,-0.0562,2026-09-27T17:22:47+00:00,6.0,over,2026-09-28T19:55:51+00:00
2026,3,00-0038608,player_receptions,Kayshon Boutte,HOU,IND,WR,HOU @ IND,2026-09-27T17:03:23Z,count,2.5,0.3866,0.6134,0.3909,-0.4,0.15,under,-185,-0.0607,2026-09-27T17:22:47+00:00,2.0,under,2026-09-28T19:55:51+00:00
2026,3,00-0036223,player_rush_yds,Jonathan Taylor,IND,HOU,RB,HOU @ IND,2026-09-27T17:03:23Z,yards,76.5,0.3755,0.6244,0.5014,-12.6,0.15,under,-115,-0.0325,2026-09-27T17:22:47+00:00,68.0,under,2026-09-28T19:55:51+00:00
2026,3,00-0035710,player_rush_yds,Daniel Jones,IND,HOU,QB,HOU @ IND,2026-09-27T17:03:23Z,yards,10.5,0.3346,0.6654,0.4846,-15.0,0.15,under,-132,-0.0546,2026-09-27T17:22:47+00:00,5.0,under,2026-09-28T19:55:51+00:00
2026,3,00-0034981,player_reception_yds,Foster Moreau,HOU,IND,TE,HOU @ IND,2026-09-27T17:03:23Z,yards,8.5,0.6596,0.3404,0.5101,15.0,0.15,over,-120,-0.0237,2026-09-27T17:22:47+00:00,7.0,under,2026-09-28T19:55:51+00:00
2026,3,00-0037834,player_pass_tds,Brock Purdy,SF,ARI,QB,ARI @ SF,2026-09-27T20:05:00Z,count,1.5,0.6597,0.3403,0.5816,7.8,0.15,over,-157,-0.0288,2026-09-27T17:22:47+00:00,4.0,over,2026-09-28T19:55:51+00:00
2026,3,00-0033119,player_pass_tds,Jacoby Brissett,ARI,SF,QB,ARI @ SF,2026-09-27T20:05:00Z,count,1.5,0.44,0.56,0.3772,6.3,0.15,over,155,-0.0141,2026-09-27T17:22:47+00:00,2.0,over,2026-09-28T19:55:51+00:00
2026,3,00-0037834,player_pass_yds,Brock Purdy,SF,ARI,QB,ARI @ SF,2026-09-27T20:05:00Z,yards,236.5,0.4406,0.5594,0.5,-5.9,0.15,under,-112,-0.0367,2026-09-27T17:22:47+00:00,297.0,over,2026-09-28T19:55:51+00:00
2026,3,00-0033119,player_pass_yds,Jacoby Brissett,ARI,SF,QB,ARI @ SF,2026-09-27T20:05:00Z,yards,229.5,0.4305,0.5695,0.4979,-6.7,0.15,under,-114,-0.0385,2026-09-27T17:22:47+00:00,280.0,over,2026-09-28T19:55:51+00:00
2026,3,00-0037744,player_reception_yds,Trey McBride,ARI,SF,TE,ARI @ SF,2026-09-27T20:05:00Z,yards,67.5,0.4177,0.5823,0.5015,-8.4,0.15,under,-110,-0.0243,2026-09-27T17:22:47+00:00,75.0,over,2026-09-28T19:55:51+00:00
2026,3,00-0031408,player_reception_yds,Mike Evans,SF,ARI,WR,ARI @ SF,2026-09-27T20:05:00Z,yards,55.5,0.3093,0.6907,0.5,-19.1,0.15,under,-113,-0.0036,2026-09-27T17:22:47+00:00,34.0,under,2026-09-28T19:55:51+00:00
2026,3,00-0033288,player_reception_yds,George Kittle,SF,ARI,TE,ARI @ SF,2026-09-27T20:05:00Z,yards,46.5,0.5937,0.4063,0.5011,9.3,0.15,over,-113,-0.0293,2026-09-27T17:22:47+00:00,82.0,over,2026-09-28T19:55:51+00:00
2026,3,00-0038559,player_reception_yds,Michael Wilson,ARI,SF,WR,ARI @ SF,2026-09-27T20:05:00Z,yards,46.5,0.5673,0.4327,0.5,6.7,0.15,over,-112,-0.0345,2026-09-27T17:22:47+00:00,89.0,over,2026-09-28T19:55:51+00:00
2026,3,00-0035719,player_reception_yds,Deebo Samuel Sr.,SF,ARI,WR,ARI @ SF,2026-09-27T20:05:00Z,yards,41.5,0.4301,0.5699,0.4989,-6.9,0.15,under,-114,-0.04,2026-09-27T17:22:47+00:00,80.0,over,2026-09-28T19:55:51+00:00
2026,3,00-0033280,player_reception_yds,Christian McCaffrey,SF,ARI,RB,ARI @ SF,2026-09-27T20:05:00Z,yards,38.5,0.3945,0.6056,0.4986,-10.4,0.15,under,-113,-0.0254,2026-09-27T17:22:47+00:00,41.0,over,2026-09-28T19:55:51+00:00
2026,3,00-0039849,player_reception_yds,Marvin Harrison Jr.,ARI,SF,WR,ARI @ SF,2026-09-27T20:05:00Z,yards,32.5,0.4103,0.5897,0.5005,-9.0,0.15,under,-111,-0.0248,2026-09-27T17:22:47+00:00,40.0,over,2026-09-28T19:55:51+00:00
2026,3,00-0033307,player_reception_yds,Kendrick Bourne,ARI,SF,WR,ARI @ SF,2026-09-27T20:05:00Z,yards,24.5,0.4172,0.5828,0.4996,-8.2,0.15,under,-112,-0.0294,2026-09-27T17:22:47+00:00,22.0,under,2026-09-28T19:55:51+00:00
2026,3,00-0029892,player_reception_yds,Kyle Juszczyk,SF,ARI,FB,ARI @ SF,2026-09-27T20:05:00Z,yards,8.5,0.6754,0.3246,0.5,17.5,0.15,over,-112,-0.0038,2026-09-27T17:22:47+00:00,0.0,under,2026-09-28T19:55:51+00:00
2026,3,00-0037263,player_reception_yds,Tyler Allgeier,ARI,SF,RB,ARI @ SF,2026-09-27T20:05:00Z,yards,7.5,0.3335,0.6665,0.4969,-16.3,0.15,under,-111,0.0029,2026-09-27T17:22:47+00:00,10.0,over,2026-09-28T19:55:51+00:00
2026,3,00-0037744,player_receptions,Trey McBride,ARI,SF,TE,ARI @ SF,2026-09-27T20:05:00Z,count,7.5,0.4672,0.5328,0.4553,1.2,0.15,over,117,-0.0081,2026-09-27T17:22:47+00:00,9.0,over,2026-09-28T19:55:51+00:00
2026,3,00-0033280,player_receptions,Christian McCaffrey,SF,ARI,RB,ARI @ SF,2026-09-27T20:05:00Z,count,4.5,0.4472,0.5528,0.5151,-6.8,0.15,under,-102,-0.0195,2026-09-27T17:22:47+00:00,4.0,under,2026-09-28T19:55:51+00:00
2026,3,00-0031408,player_receptions,Mike Evans,SF,ARI,WR,ARI @ SF,2026-09-27T20:05:00Z,count,4.5,0.3322,0.6679,0.4319,-10.0,0.15,under,-147,-0.0203,2026-09-27T17:22:47+00:00,3.0,under,2026-09-28T19:55:51+00:00
2026,3,00-0033288,player_receptions,George Kittle,SF,ARI,TE,ARI @ SF,2026-09-27T20:05:00Z,count,4.5,0.5377,0.4623,0.4292,10.9,0.15,over,126,0.0068,2026-09-27T17:22:47+00:00,6.0,over,2026-09-28T19:55:51+00:00
2026,3,00-0038559,player_receptions,Michael Wilson,ARI,SF,WR,ARI @ SF,2026-09-27T20:05:00Z,count,3.5,0.5654,0.4346,0.5742,-0.9,0.15,under,128,-0.0262,2026-09-27T17:22:47+00:00,11.0,over,2026-09-28T19:55:51+00:00
2026,3,00-0035719,player_receptions,Deebo Samuel Sr.,SF,ARI,WR,ARI @ SF,2026-09-27T20:05:00Z,count,3.5,0.5379,0.4621,0.5793,-4.1,0.15,under,127,-0.0309,2026-09-27T17:22:47+00:00,0.0,under,2026-09-28T19:55:51+00:00
2026,3,00-0033307,player_receptions,Kendrick Bourne,ARI,SF,WR,ARI @ SF,2026-09-27T20:05:00Z,count,2.5,0.4309,0.5691,0.4939,-6.3,0.15,over,104,-0.0117,2026-09-27T17:22:47+00:00,2.0,under,2026-09-28T19:55:51+00:00
2026,3,00-0039849,player_receptions,Marvin Harrison Jr.,ARI,SF,WR,ARI @ SF,2026-09-27T20:05:00Z,count,2.5,0.3821,0.6179,0.4392,-5.7,0.15,under,-140,-0.0239,2026-09-27T17:22:47+00:00,3.0,over,2026-09-28T19:55:51+00:00
2026,3,00-0029892,player_receptions,Kyle Juszczyk,SF,ARI,FB,ARI @ SF,2026-09-27T20:05:00Z,count,1.5,0.4686,0.5314,0.3639,10.5,0.15,over,160,-0.013,2026-09-27T17:22:47+00:00,0.0,under,2026-09-28T19:55:51+00:00
2026,3,00-0033280,player_rush_yds,Christian McCaffrey,SF,ARI,RB,ARI @ SF,2026-09-27T20:05:00Z,yards,57.5,0.5427,0.4573,0.501,4.2,0.15,over,-111,-0.0358,2026-09-27T17:22:47+00:00,75.0,over,2026-09-28T19:55:51+00:00
2026,3,00-0037263,player_rush_yds,Tyler Allgeier,ARI,SF,RB,ARI @ SF,2026-09-27T20:05:00Z,yards,33.5,0.3267,0.6733,0.5062,-17.9,0.15,under,-108,0.0029,2026-09-27T17:22:47+00:00,-1.0,under,2026-09-28T19:55:51+00:00
2026,3,00-0037834,player_rush_yds,Brock Purdy,SF,ARI,QB,ARI @ SF,2026-09-27T20:05:00Z,yards,16.5,0.481,0.519,0.5081,-2.7,0.15,under,-106,-0.0362,2026-09-27T17:22:47+00:00,34.0,over,2026-09-28T19:55:51+00:00
2026,3,00-0033119,player_rush_yds,Jacoby Brissett,ARI,SF,QB,ARI @ SF,2026-09-27T20:05:00Z,yards,7.5,0.5331,0.4669,0.5013,3.2,0.15,over,-113,-0.0461,2026-09-27T17:22:47+00:00,4.0,under,2026-09-28T19:55:51+00:00
2026,3,00-0035719,player_rush_yds,Deebo Samuel Sr.,SF,ARI,WR,ARI @ SF,2026-09-27T20:05:00Z,yards,3.5,0.399,0.601,0.4854,-8.6,0.15,under,-120,-0.0328,2026-09-27T17:22:47+00:00,14.0,over,2026-09-28T19:55:51+00:00
2026,3,00-0035228,player_pass_tds,Kyler Murray,MIN,TB,QB,MIN @ TB,2026-09-27T20:05:00Z,count,1.5,0.2913,0.7087,0.4057,-11.4,0.107,under,-160,-0.0144,2026-09-27T17:22:47+00:00,1.0,under,2026-09-28T19:55:51+00:00
2026,3,00-0034855,player_pass_tds,Baker Mayfield,TB,MIN,QB,MIN @ TB,2026-09-27T20:05:00Z,count,1.5,0.2767,0.7232,0.394,-11.7,0.15,under,-175,-0.0201,2026-09-27T17:22:47+00:00,1.0,under,2026-09-28T19:55:51+00:00
2026,3,00-0034855,player_pass_yds,Baker Mayfield,TB,MIN,QB,MIN @ TB,2026-09-27T20:05:00Z,yards,214.5,0.3835,0.6165,0.5017,-11.8,0.15,under,-111,-0.0191,2026-09-27T17:22:47+00:00,217.0,over,2026-09-28T19:55:51+00:00
2026,3,00-0035228,player_pass_yds,Kyler Murray,MIN,TB,QB,MIN @ TB,2026-09-27T20:05:00Z,yards,214.5,0.2543,0.7457,0.4989,-24.5,0.107,under,-113,-0.0062,2026-09-27T17:22:47+00:00,168.0,under,2026-09-28T19:55:51+00:00
2026,3,00-0036322,player_reception_yds,Justin Jefferson,MIN,TB,WR,MIN @ TB,2026-09-27T20:05:00Z,yards,75.5,0.2225,0.7775,0.4997,-27.7,0.15,under,-112,0.0257,2026-09-27T17:22:47+00:00,32.0,under,2026-09-28T19:55:51+00:00
2026,3,00-0040129,player_reception_yds,Emeka Egbuka,TB,MIN,WR,MIN @ TB,2026-09-27T20:05:00Z,yards,49.5,0.2671,0.7329,0.5013,-23.4,0.15,under,-111,0.0148,2026-09-27T17:22:47+00:00,62.0,over,2026-09-28T19:55:51+00:00
2026,3,00-0038994,player_reception_yds,Jordan Addison,MIN,TB,WR,MIN @ TB,2026-09-27T20:05:00Z,yards,36.5,0.2537,0.7463,0.4989,-24.5,0.15,under,-113,0.0139,2026-09-27T17:22:47+00:00,90.0,over,2026-09-28T19:55:51+00:00
2026,3,00-0033921,player_reception_yds,Chris Godwin Jr.,TB,MIN,WR,MIN @ TB,2026-09-27T20:05:00Z,yards,35.5,0.4442,0.5557,0.5005,-5.6,0.15,under,-111,-0.0345,2026-09-27T17:22:47+00:00,25.0,under,2026-09-28T19:55:51+00:00
2026,3,00-0035229,player_reception_yds,T.J. Hockenson,MIN,TB,TE,MIN @ TB,2026-09-27T20:05:00Z,yards,30.5,0.4351,0.5649,0.5014,-6.6,0.15,under,-110,-0.0291,2026-09-27T17:22:47+00:00,11.0,under,2026-09-28T19:55:51+00:00
2026,3,00-0038129,player_reception_yds,Cade Otton,TB,MIN,TE,MIN @ TB,2026-09-27T20:05:00Z,yards,27.5,0.5073,0.4927,0.5082,-0.1,0.15,over,-115,-0.0501,2026-09-27T17:22:47+00:00,56.0,over,2026-09-28T19:55:51+00:00
2026,3,00-0039361,player_reception_yds,Bucky Irving,TB,MIN,RB,MIN @ TB,2026-09-27T20:05:00Z,yards,16.5,0.3935,0.6065,0.4935,-10.0,0.15,under,-115,-0.025,2026-09-27T17:22:47+00:00,12.0,under,2026-09-28T19:55:51+00:00
2026,3,00-0036259,player_reception_yds,Jauan Jennings,MIN,TB,WR,MIN @ TB,2026-09-27T20:05:00Z,yards,14.5,0.8435,0.1565,0.5007,34.3,0.15,over,-113,0.0407,2026-09-27T17:22:47+00:00,1.0,under,2026-09-28T19:55:51+00:00
2026,3,00-0039855,player_reception_yds,Jalen McMillan,TB,MIN,WR,MIN @ TB,2026-09-27T20:05:00Z,yards,14.5,0.6016,0.3984,0.4907,11.1,0.073,over,-108,-0.0393,2026-09-27T17:22:47+00:00,0.0,under,2026-09-28T19:55:51+00:00
2026,3,00-0033293,player_reception_yds,Aaron Jones,MIN,TB,RB,MIN @ TB,2026-09-27T20:05:00Z,yards,12.5,0.3965,0.6035,0.5026,-10.6,0.15,under,-107,-0.007,2026-09-27T17:22:47+00:00,34.0,over,2026-09-28T19:55:51+00:00
2026,3,00-0035249,player_reception_yds,Josh Oliver,MIN,TB,TE,MIN @ TB,2026-09-27T20:05:00Z,yards,10.5,0.7563,0.2437,0.5024,25.4,0.15,over,-113,0.0188,2026-09-27T17:22:47+00:00,0.0,under,2026-09-28T19:55:51+00:00
2026,3,00-0036919,player_reception_yds,Kenny Gainwell,TB,MIN,RB,MIN @ TB,2026-09-27T20:05:00Z,yards,9.5,0.678,0.322,0.4999,17.8,0.15,over,-112,-0.0032,2026-09-27T17:22:47+00:00,14.0,over,2026-09-28T19:55:51+00:00
2026,3,00-0036322,player_receptions,Justin Jefferson,MIN,TB,WR,MIN @ TB,2026-09-27T20:05:00Z,count,5.5,0.3255,0.6745,0.5582,-23.3,0.15,under,118,0.0392,2026-09-27T17:22:47+00:00,2.0,under,2026-09-28T19:55:51+00:00
2026,3,00-0040129,player_receptions,Emeka Egbuka,TB,MIN,WR,MIN @ TB,2026-09-27T20:05:00Z,count,4.5,0.1817,0.8183,0.4274,-24.6,0.15,under,-147,0.024,2026-09-27T17:22:47+00:00,5.0,over,2026-09-28T19:55:51+00:00
2026,3,00-0035229,player_receptions,T.J. Hockenson,MIN,TB,TE,MIN @ TB,2026-09-27T20:05:00Z,count,3.5,0.4297,0.5703,0.4991,-6.9,0.15,under,-105,-0.0017,2026-09-27T17:22:47+00:00,2.0,under,2026-09-28T19:55:51+00:00
2026,3,00-0033921,player_receptions,Chris Godwin Jr.,TB,MIN,WR,MIN @ TB,2026-09-27T20:05:00Z,count,3.5,0.4153,0.5847,0.4427,-2.7,0.15,under,-135,-0.0227,2026-09-27T17:22:47+00:00,3.0,under,2026-09-28T19:55:51+00:00
2026,3,00-0038994,player_receptions,Jordan Addison,MIN,TB,WR,MIN @ TB,2026-09-27T20:05:00Z,count,3.5,0.2014,0.7986,0.4152,-21.4,0.15,under,-160,0.0024,2026-09-27T17:22:47+00:00,5.0,over,2026-09-28T19:55:51+00:00
2026,3,00-0038129,player_receptions,Cade Otton,TB,MIN,TE,MIN @ TB,2026-09-27T20:05:00Z,count,3.5,0.4493,0.5507,0.3992,5.0,0.15,over,135,-0.0442,2026-09-27T17:22:47+00:00,3.0,under,2026-09-28T19:55:51+00:00
2026,3,00-0039361,player_receptions,Bucky Irving,TB,MIN,RB,MIN @ TB,2026-09-27T20:05:00Z,count,2.5,0.5183,0.4817,0.5372,-1.9,0.15,under,106,-0.0408,2026-09-27T17:22:47+00:00,2.0,under,2026-09-28T19:55:51+00:00
2026,3,00-0033293,player_receptions,Aaron Jones,MIN,TB,RB,MIN @ TB,2026-09-27T20:05:00Z,count,1.5,0.5104,0.4896,0.5955,-8.5,0.15,under,137,-0.0111,2026-09-27T17:22:47+00:00,5.0,over,2026-09-28T19:55:51+00:00
2026,3,00-0036919,player_receptions,Kenny Gainwell,TB,MIN,RB,MIN @ TB,2026-09-27T20:05:00Z,count,1.5,0.8368,0.1632,0.5821,25.5,0.15,over,-156,0.0179,2026-09-27T17:22:47+00:00,2.0,over,2026-09-28T19:55:51+00:00
2026,3,00-0036259,player_receptions,Jauan Jennings,MIN,TB,WR,MIN @ TB,2026-09-27T20:05:00Z,count,1.5,0.8044,0.1956,0.476,32.8,0.15,over,100,0.0505,2026-09-27T17:22:47+00:00,1.0,under,2026-09-28T19:55:51+00:00
2026,3,00-0035249,player_receptions,Josh Oliver,MIN,TB,TE,MIN @ TB,2026-09-27T20:05:00Z,count,1.5,0.5317,0.4683,0.4316,10.0,0.15,over,125,0.0049,2026-09-27T17:22:47+00:00,0.0,under,2026-09-28T19:55:51+00:00
2026,3,00-0039855,player_receptions,Jalen McMillan,TB,MIN,WR,MIN @ TB,2026-09-27T20:05:00Z,count,1.5,0.6047,0.3953,0.4124,19.2,0.073,over,130,-0.0191,2026-09-27T17:22:47+00:00,0.0,under,2026-09-28T19:55:51+00:00
2026,3,00-0039361,player_rush_yds,Bucky Irving,TB,MIN,RB,MIN @ TB,2026-09-27T20:05:00Z,yards,57.5,0.4582,0.5418,0.4989,-4.1,0.15,under,-113,-0.0439,2026-09-27T17:22:47+00:00,46.0,under,2026-09-28T19:55:51+00:00
2026,3,00-0033293,player_rush_yds,Aaron Jones,MIN,TB,RB,MIN @ TB,2026-09-27T20:05:00Z,yards,52.5,0.3807,0.6193,0.4976,-11.7,0.15,under,-114,-0.024,2026-09-27T17:22:47+00:00,58.0,over,2026-09-28T19:55:51+00:00
2026,3,00-0035228,player_rush_yds,Kyler Murray,MIN,TB,QB,MIN @ TB,2026-09-27T20:05:00Z,yards,20.5,0.6949,0.3051,0.5062,18.9,0.107,over,-113,-0.0078,2026-09-27T17:22:47+00:00,17.0,under,2026-09-28T19:55:51+00:00
2026,3,00-0036919,player_rush_yds,Kenny Gainwell,TB,MIN,RB,MIN @ TB,2026-09-27T20:05:00Z,yards,18.5,0.4921,0.5079,0.5039,-1.2,0.15,under,-109,-0.0454,2026-09-27T17:22:47+00:00,-4.0,under,2026-09-28T19:55:51+00:00
2026,3,00-0034855,player_rush_yds,Baker Mayfield,TB,MIN,QB,MIN @ TB,2026-09-27T20:05:00Z,yards,18.5,0.5625,0.4375,0.4945,6.8,0.15,over,-109,-0.0323,2026-09-27T17:22:47+00:00,6.0,under,2026-09-28T19:55:51+00:00
2026,3,00-0033077,player_pass_tds,Dak Prescott,DAL,BAL,QB,BAL @ DAL,2026-09-27T20:25:00Z,count,1.5,0.4868,0.5132,0.5725,-8.6,0.15,under,128,0.004,2026-09-27T17:22:47+00:00,1.0,under,2026-09-28T19:55:51+00:00
2026,3,00-0034796,player_pass_tds,Lamar Jackson,BAL,DAL,QB,BAL @ DAL,2026-09-27T20:25:00Z,count,1.5,0.4306,0.5694,0.5683,-13.8,0.15,under,125,0.0178,2026-09-27T17:22:47+00:00,2.0,over,2026-09-28T19:55:51+00:00
2026,3,00-0033077,player_pass_yds,Dak Prescott,DAL,BAL,QB,BAL @ DAL,2026-09-27T20:25:00Z,yards,266.5,0.4098,0.5902,0.5007,-9.1,0.15,under,-111,-0.0249,2026-09-27T17:22:47+00:00,276.0,over,2026-09-28T19:55:51+00:00
2026,3,00-0034796,player_pass_yds,Lamar Jackson,BAL,DAL,QB,BAL @ DAL,2026-09-27T20:25:00Z,yards,240.5,0.354,0.646,0.4989,-14.5,0.15,under,-113,-0.0145,2026-09-27T17:22:47+00:00,186.0,under,2026-09-28T19:55:51+00:00
2026,3,00-0036358,player_reception_yds,CeeDee Lamb,DAL,BAL,WR,BAL @ DAL,2026-09-27T20:25:00Z,yards,82.5,0.4012,0.5988,0.5018,-10.1,0.15,under,-110,-0.0201,2026-09-27T17:22:47+00:00,112.0,over,2026-09-28T19:55:51+00:00
2026,3,00-0037247,player_reception_yds,George Pickens,DAL,BAL,WR,BAL @ DAL,2026-09-27T20:25:00Z,yards,65.5,0.4161,0.5839,0.5011,-8.5,0.15,under,-111,-0.0274,2026-09-27T17:22:47+00:00,82.0,over,2026-09-28T19:55:51+00:00
2026,3,00-0036550,player_reception_yds,Rashod Bateman,BAL,DAL,WR,BAL @ DAL,2026-09-27T20:25:00Z,yards,47.5,0.1738,0.8262,0.4986,-32.5,0.15,under,-114,0.0327,2026-09-27T17:22:47+00:00,37.0,under,2026-09-28T19:55:51+00:00
2026,3,00-0034753,player_reception_yds,Mark Andrews,BAL,DAL,TE,BAL @ DAL,2026-09-27T20:25:00Z,yards,39.5,0.2677,0.7323,0.5079,-24.0,0.15,under,-109,0.0127,2026-09-27T17:22:47+00:00,24.0,under,2026-09-28T19:55:51+00:00
2026,3,00-0039410,player_reception_yds,Ryan Flournoy,DAL,BAL,WR,BAL @ DAL,2026-09-27T20:25:00Z,yards,30.5,0.4108,0.5892,0.4925,-8.2,0.15,under,-116,-0.0322,2026-09-27T17:22:47+00:00,22.0,under,2026-09-28T19:55:51+00:00
2026,3,00-0038041,player_reception_yds,Jake Ferguson,DAL,BAL,TE,BAL @ DAL,2026-09-27T20:25:00Z,yards,28.5,0.3235,0.6765,0.5031,-18.0,0.15,under,-110,0.0001,2026-09-27T17:22:47+00:00,23.0,under,2026-09-28T19:55:51+00:00
2026,3,00-0036997,player_reception_yds,Javonte Williams,DAL,BAL,RB,BAL @ DAL,2026-09-27T20:25:00Z,yards,14.5,0.3379,0.6621,0.5024,-16.4,0.15,under,-110,-0.0029,2026-09-27T17:22:47+00:00,5.0,under,2026-09-28T19:55:51+00:00
2026,3,00-0034975,player_reception_yds,Justice Hill,BAL,DAL,RB,BAL @ DAL,2026-09-27T20:25:00Z,yards,13.5,0.4543,0.5457,0.4973,-4.3,0.15,under,-112,-0.0363,2026-09-27T17:22:47+00:00,0.0,under,2026-09-28T19:55:51+00:00
2026,3,00-0032764,player_reception_yds,Derrick Henry,BAL,DAL,RB,BAL @ DAL,2026-09-27T20:25:00Z,yards,9.5,0.4748,0.5252,0.4897,-1.5,0.15,under,-117,-0.0494,2026-09-27T17:22:47+00:00,0.0,under,2026-09-28T19:55:51+00:00
2026,3,00-0036358,player_receptions,CeeDee Lamb,DAL,BAL,WR,BAL @ DAL,2026-09-27T20:25:00Z,count,6.5,0.3725,0.6275,0.4882,-11.6,0.15,under,-114,-0.0067,2026-09-27T17:22:47+00:00,7.0,over,2026-09-28T19:55:51+00:00
2026,3,00-0037247,player_receptions,George Pickens,DAL,BAL,WR,BAL @ DAL,2026-09-27T20:25:00Z,count,5.5,0.4062,0.5938,0.4503,-4.4,0.15,under,-134,-0.0285,2026-09-27T17:22:47+00:00,7.0,over,2026-09-28T19:55:51+00:00
2026,3,00-0034753,player_receptions,Mark Andrews,BAL,DAL,TE,BAL @ DAL,2026-09-27T20:25:00Z,count,4.5,0.2756,0.7244,0.434,-15.8,0.15,under,-143,0.0022,2026-09-27T17:22:47+00:00,3.0,under,2026-09-28T19:55:51+00:00
2026,3,00-0038041,player_receptions,Jake Ferguson,DAL,BAL,TE,BAL @ DAL,2026-09-27T20:25:00Z,count,3.5,0.3688,0.6312,0.5193,-15.1,0.15,under,100,0.0066,2026-09-27T17:22:47+00:00,3.0,under,2026-09-28T19:55:51+00:00
2026,3,00-0036550,player_receptions,Rashod Bateman,BAL,DAL,WR,BAL @ DAL,2026-09-27T20:25:00Z,count,3.5,0.2348,0.7652,0.4665,-23.2,0.15,under,-126,0.0193,2026-09-27T17:22:47+00:00,2.0,under,2026-09-28T19:55:51+00:00
2026,3,00-0039410,player_receptions,Ryan Flournoy,DAL,BAL,WR,BAL @ DAL,2026-09-27T20:25:00Z,count,3.5,0.4447,0.5553,0.4253,1.9,0.15,over,126,-0.0322,2026-09-27T17:22:47+00:00,2.0,under,2026-09-28T19:55:51+00:00
2026,3,00-0036997,player_receptions,Javonte Williams,DAL,BAL,RB,BAL @ DAL,2026-09-27T20:25:00Z,count,2.5,0.4395,0.5605,0.5484,-10.9,0.15,under,110,-0.0173,2026-09-27T17:22:47+00:00,2.0,under,2026-09-28T19:55:51+00:00
2026,3,00-0034975,player_receptions,Justice Hill,BAL,DAL,RB,BAL @ DAL,2026-09-27T20:25:00Z,count,2.5,0.3225,0.6775,0.3795,-5.7,0.15,under,-189,-0.0381,2026-09-27T17:22:47+00:00,0.0,under,2026-09-28T19:55:51+00:00
2026,3,00-0032764,player_receptions,Derrick Henry,BAL,DAL,RB,BAL @ DAL,2026-09-27T20:25:00Z,count,1.5,0.3783,0.6217,0.4305,-5.2,0.15,under,-140,-0.0103,2026-09-27T17:22:47+00:00,1.0,under,2026-09-28T19:55:51+00:00
2026,3,00-0032764,player_rush_yds,Derrick Henry,BAL,DAL,RB,BAL @ DAL,2026-09-27T20:25:00Z,yards,90.5,0.5649,0.4351,0.4985,6.6,0.15,over,-113,-0.0416,2026-09-27T17:22:47+00:00,89.0,under,2026-09-28T19:55:51+00:00
2026,3,00-0036997,player_rush_yds,Javonte Williams,DAL,BAL,RB,BAL @ DAL,2026-09-27T20:25:00Z,yards,55.5,0.3754,0.6246,0.4993,-12.4,0.15,under,-113,-0.0212,2026-09-27T17:22:47+00:00,98.0,over,2026-09-28T19:55:51+00:00
2026,3,00-0034796,player_rush_yds,Lamar Jackson,BAL,DAL,QB,BAL @ DAL,2026-09-27T20:25:00Z,yards,40.5,0.2734,0.7266,0.501,-22.8,0.15,under,-113,0.0049,2026-09-27T17:22:47+00:00,50.0,over,2026-09-28T19:55:51+00:00
2026,3,00-0034975,player_rush_yds,Justice Hill,BAL,DAL,RB,BAL @ DAL,2026-09-27T20:25:00Z,yards,13.5,0.2039,0.7961,0.508,-30.4,0.15,under,-106,0.0448,2026-09-27T17:22:47+00:00,33.0,over,2026-09-28T19:55:51+00:00
2026,3,00-0033077,player_rush_yds,Dak Prescott,DAL,BAL,QB,BAL @ DAL,2026-09-27T20:25:00Z,yards,12.5,0.3846,0.6154,0.4939,-10.9,0.15,under,-114,-0.0192,2026-09-27T17:22:47+00:00,19.0,over,2026-09-28T19:55:51+00:00
2026,3,00-0038705,player_rush_yds,Emari Demercado,DAL,BAL,RB,BAL @ DAL,2026-09-27T20:25:00Z,yards,8.5,0.5515,0.4485,0.4901,6.1,0.15,over,-109,-0.0426,2026-09-27T17:22:47+00:00,,dnp,2026-09-28T19:55:51+00:00
2026,3,00-0032398,player_reception_yds,Chris Moore,BAL,DAL,WR,BAL @ DAL,2026-09-27T20:25:00Z,yards,17.5,0.4679,0.5321,0.495,-2.7,0.15,under,-118,-0.0595,2026-09-27T17:22:47+00:00,4.0,under,2026-09-28T19:55:51+00:00
2026,3,00-0040075,player_reception_yds,LaJohntay Wester,BAL,DAL,WR,BAL @ DAL,2026-09-27T20:25:00Z,yards,16.5,0.132,0.868,0.5111,-37.9,0.15,under,-110,0.0419,2026-09-27T17:22:47+00:00,0.0,under,2026-09-28T19:55:51+00:00
2026,3,00-0040075,player_receptions,LaJohntay Wester,BAL,DAL,WR,BAL @ DAL,2026-09-27T20:25:00Z,count,1.5,0.2318,0.7682,0.6032,-37.1,0.15,over,-152,-0.0924,2026-09-27T17:22:47+00:00,0.0,under,2026-09-28T19:55:51+00:00
2026,3,00-0032398,player_receptions,Chris Moore,BAL,DAL,WR,BAL @ DAL,2026-09-27T20:25:00Z,count,1.5,0.4412,0.5588,0.4651,-2.4,0.15,over,115,-0.0077,2026-09-27T17:22:47+00:00,1.0,under,2026-09-28T19:55:51+00:00
2026,3,00-0040743,player_pass_tds,Tyler Shough,NO,LV,QB,LV @ NO,2026-09-27T20:25:00Z,count,1.5,0.3769,0.6231,0.4642,-8.7,0.15,under,-120,0.0063,2026-09-27T17:22:47+00:00,4.0,over,2026-09-28T19:55:51+00:00
2026,3,00-0029604,player_pass_tds,Kirk Cousins,LV,NO,QB,LV @ NO,2026-09-27T20:25:00Z,count,1.5,0.4594,0.5406,0.3855,7.4,0.15,over,165,0.051,2026-09-27T17:22:47+00:00,3.0,over,2026-09-28T19:55:51+00:00
2026,3,00-0040743,player_pass_yds,Tyler Shough,NO,LV,QB,LV @ NO,2026-09-27T20:25:00Z,yards,253.5,0.3884,0.6116,0.5,-11.2,0.15,under,-112,-0.0219,2026-09-27T17:22:47+00:00,255.0,over,2026-09-28T19:55:51+00:00
2026,3,00-0029604,player_pass_yds,Kirk Cousins,LV,NO,QB,LV @ NO,2026-09-27T20:25:00Z,yards,211.5,0.3175,0.6825,0.5028,-18.5,0.15,under,-108,0.0111,2026-09-27T17:22:47+00:00,248.0,over,2026-09-28T19:55:51+00:00
2026,3,00-0037239,player_reception_yds,Chris Olave,NO,LV,WR,LV @ NO,2026-09-27T20:25:00Z,yards,76.5,0.5729,0.4271,0.5036,6.9,0.15,over,-113,-0.0311,2026-09-27T17:22:47+00:00,107.0,over,2026-09-28T19:55:51+00:00
2026,3,00-0039424,player_reception_yds,Devaughn Vele,NO,LV,WR,LV @ NO,2026-09-27T20:25:00Z,yards,49.5,0.4006,0.5994,0.4993,-9.9,0.15,under,-113,-0.0283,2026-09-27T17:22:47+00:00,39.0,under,2026-09-28T19:55:51+00:00
2026,3,00-0039338,player_reception_yds,Brock Bowers,LV,NO,TE,LV @ NO,2026-09-27T20:25:00Z,yards,47.5,0.4409,0.5591,0.5021,-6.1,0.15,under,-110,-0.0319,2026-09-27T17:22:47+00:00,116.0,over,2026-09-28T19:55:51+00:00
2026,3,00-0038563,player_reception_yds,Tre Tucker,LV,NO,WR,LV @ NO,2026-09-27T20:25:00Z,yards,41.5,0.4012,0.5988,0.4982,-9.7,0.15,under,-113,-0.0267,2026-09-27T17:22:47+00:00,43.0,over,2026-09-28T19:55:51+00:00
2026,3,00-0036040,player_reception_yds,Juwan Johnson,NO,LV,TE,LV @ NO,2026-09-27T20:25:00Z,yards,35.5,0.7078,0.2922,0.5015,20.6,0.15,over,-113,0.0036,2026-09-27T17:22:47+00:00,53.0,over,2026-09-28T19:55:51+00:00
2026,3,00-0037291,player_reception_yds,Jalen Nailor,LV,NO,WR,LV @ NO,2026-09-27T20:25:00Z,yards,24.5,0.3035,0.6965,0.5036,-20.0,0.15,under,-109,0.0094,2026-09-27T17:22:47+00:00,16.0,under,2026-09-28T19:55:51+00:00
2026,3,00-0040122,player_reception_yds,Ashton Jeanty,LV,NO,RB,LV @ NO,2026-09-27T20:25:00Z,yards,22.5,0.4061,0.5939,0.4983,-9.2,0.15,under,-112,-0.0242,2026-09-27T17:22:47+00:00,37.0,over,2026-09-28T19:55:51+00:00
2026,3,00-0039066,player_reception_yds,Michael Mayer,LV,NO,TE,LV @ NO,2026-09-27T20:25:00Z,yards,20.5,0.515,0.485,0.5011,1.4,0.15,over,-113,-0.0515,2026-09-27T17:22:47+00:00,32.0,over,2026-09-28T19:55:51+00:00
2026,3,00-0040729,player_reception_yds,Jack Bech,LV,NO,WR,LV @ NO,2026-09-27T20:25:00Z,yards,14.5,0.5309,0.4691,0.4993,3.2,0.15,over,-113,-0.0499,2026-09-27T17:22:47+00:00,,dnp,2026-09-28T19:55:51+00:00
2026,3,00-0033906,player_reception_yds,Alvin Kamara,NO,LV,RB,LV @ NO,2026-09-27T20:25:00Z,yards,13.5,0.4159,0.584,0.4943,-7.8,0.15,under,-113,-0.0246,2026-09-27T17:22:47+00:00,5.0,under,2026-09-28T19:55:51+00:00
2026,3,00-0035644,player_reception_yds,Noah Fant,NO,LV,TE,LV @ NO,2026-09-27T20:25:00Z,yards,12.5,0.431,0.569,0.5055,-7.4,0.15,under,-109,-0.0304,2026-09-27T17:22:47+00:00,33.0,over,2026-09-28T19:55:51+00:00
2026,3,00-0036973,player_reception_yds,Travis Etienne,NO,LV,RB,LV @ NO,2026-09-27T20:25:00Z,yards,10.5,0.5597,0.4403,0.5051,5.5,0.15,over,-113,-0.0325,2026-09-27T17:22:47+00:00,13.0,over,2026-09-28T19:55:51+00:00
2026,3,00-0037239,player_receptions,Chris Olave,NO,LV,WR,LV @ NO,2026-09-27T20:25:00Z,count,6.5,0.4885,0.5115,0.4311,5.7,0.15,over,125,-0.0107,2026-09-27T17:22:47+00:00,9.0,over,2026-09-28T19:55:51+00:00
2026,3,00-0039338,player_receptions,Brock Bowers,LV,NO,TE,LV @ NO,2026-09-27T20:25:00Z,count,4.5,0.5767,0.4233,0.5088,6.8,0.15,over,-109,-0.0049,2026-09-27T17:22:47+00:00,10.0,over,2026-09-28T19:55:51+00:00
2026,3,00-0039424,player_receptions,Devaughn Vele,NO,LV,WR,LV @ NO,2026-09-27T20:25:00Z,count,4.5,0.3543,0.6458,0.4285,-7.4,0.15,under,-152,-0.034,2026-09-27T17:22:47+00:00,3.0,under,2026-09-28T19:55:51+00:00
2026,3,00-0040122,player_receptions,Ashton Jeanty,LV,NO,RB,LV @ NO,2026-09-27T20:25:00Z,count,3.5,0.4674,0.5326,0.563,-9.6,0.15,under,122,0.002,2026-09-27T17:22:47+00:00,3.0,under,2026-09-28T19:55:51+00:00
2026,3,00-0038563,player_receptions,Tre Tucker,LV,NO,WR,LV @ NO,2026-09-27T20:25:00Z,count,3.5,0.3908,0.6092,0.4605,-7.0,0.15,under,-127,-0.017,2026-09-27T17:22:47+00:00,4.0,over,2026-09-28T19:55:51+00:00
2026,3,00-0036040,player_receptions,Juwan Johnson,NO,LV,TE,LV @ NO,2026-09-27T20:25:00Z,count,3.5,0.4798,0.5202,0.466,1.4,0.15,under,-115,-0.0055,2026-09-27T17:22:47+00:00,8.0,over,2026-09-28T19:55:51+00:00
2026,3,00-0033906,player_receptions,Alvin Kamara,NO,LV,RB,LV @ NO,2026-09-27T20:25:00Z,count,2.5,0.5715,0.4285,0.5284,4.3,0.15,over,-122,-0.0267,2026-09-27T17:22:47+00:00,1.0,under,2026-09-28T19:55:51+00:00
2026,3,00-0039066,player_receptions,Michael Mayer,LV,NO,TE,LV @ NO,2026-09-27T20:25:00Z,count,2.5,0.5526,0.4474,0.4507,10.2,0.15,over,115,0.0019,2026-09-27T17:22:47+00:00,3.0,over,2026-09-28T19:55:51+00:00
2026,3,00-0037291,player_receptions,Jalen Nailor,LV,NO,WR,LV @ NO,2026-09-27T20:25:00Z,count,2.5,0.2891,0.7109,0.43,-14.1,0.15,under,-150,-0.0148,2026-09-27T17:22:47+00:00,1.0,under,2026-09-28T19:55:51+00:00
2026,3,00-0036973,player_receptions,Travis Etienne,NO,LV,RB,LV @ NO,2026-09-27T20:25:00Z,count,1.5,0.6448,0.3552,0.5581,8.7,0.15,over,-132,0.0038,2026-09-27T17:22:47+00:00,2.0,over,2026-09-28T19:55:51+00:00
2026,3,00-0040729,player_receptions,Jack Bech,LV,NO,WR,LV @ NO,2026-09-27T20:25:00Z,count,1.5,0.5473,0.4527,0.4954,5.2,0.15,over,100,0.0064,2026-09-27T17:22:47+00:00,,dnp,2026-09-28T19:55:51+00:00
2026,3,00-0035644,player_receptions,Noah Fant,NO,LV,TE,LV @ NO,2026-09-27T20:25:00Z,count,1.5,0.4802,0.5198,0.4847,-0.5,0.15,under,-120,-0.054,2026-09-27T17:22:47+00:00,4.0,over,2026-09-28T19:55:51+00:00
2026,3,00-0040122,player_rush_yds,Ashton Jeanty,LV,NO,RB,LV @ NO,2026-09-27T20:25:00Z,yards,68.5,0.3905,0.6095,0.4993,-10.9,0.15,under,-113,-0.0254,2026-09-27T17:22:47+00:00,56.0,under,2026-09-28T19:55:51+00:00
2026,3,00-0036973,player_rush_yds,Travis Etienne,NO,LV,RB,LV @ NO,2026-09-27T20:25:00Z,yards,38.5,0.597,0.403,0.5,9.7,0.15,over,-111,-0.0219,2026-09-27T17:22:47+00:00,57.0,over,2026-09-28T19:55:51+00:00
2026,3,00-0033906,player_rush_yds,Alvin Kamara,NO,LV,RB,LV @ NO,2026-09-27T20:25:00Z,yards,26.5,0.5027,0.4973,0.5095,-0.7,0.15,under,-107,-0.0491,2026-09-27T17:22:47+00:00,36.0,over,2026-09-28T19:55:51+00:00
2026,3,00-0040743,player_rush_yds,Tyler Shough,NO,LV,QB,LV @ NO,2026-09-27T20:25:00Z,yards,14.5,0.5051,0.4949,0.5047,0.0,0.15,over,-113,-0.0485,2026-09-27T17:22:47+00:00,36.0,over,2026-09-28T19:55:51+00:00
2026,3,00-0026498,player_pass_tds,Matthew Stafford,LA,DEN,QB,LA @ DEN,2026-09-28T00:20:00Z,count,1.5,0.5379,0.4621,0.4882,5.0,0.15,over,-105,-0.0323,2026-09-27T17:22:47+00:00,2.0,over,2026-09-28T19:55:51+00:00
2026,3,00-0039732,player_pass_tds,Bo Nix,DEN,LA,QB,LA @ DEN,2026-09-28T00:20:00Z,count,1.5,0.3417,0.6583,0.411,-6.9,0.15,over,145,-0.0185,2026-09-27T17:22:47+00:00,2.0,over,2026-09-28T19:55:51+00:00
2026,3,00-0026498,player_pass_yds,Matthew Stafford,LA,DEN,QB,LA @ DEN,2026-09-28T00:20:00Z,yards,242.5,0.5392,0.4608,0.4777,6.1,0.15,over,105,-0.0018,2026-09-27T17:22:47+00:00,390.0,over,2026-09-28T19:55:51+00:00
2026,3,00-0039732,player_pass_yds,Bo Nix,DEN,LA,QB,LA @ DEN,2026-09-28T00:20:00Z,yards,211.5,0.5153,0.4847,0.5044,1.1,0.15,under,-104,-0.0311,2026-09-27T17:22:47+00:00,186.0,under,2026-09-28T19:55:51+00:00
2026,3,00-0031381,player_reception_yds,Davante Adams,LA,DEN,WR,LA @ DEN,2026-09-28T00:20:00Z,yards,70.5,0.3079,0.6922,0.5007,-19.3,0.15,under,-111,0.0041,2026-09-27T17:22:47+00:00,137.0,over,2026-09-28T19:55:51+00:00
2026,3,00-0036613,player_reception_yds,Jaylen Waddle,DEN,LA,WR,LA @ DEN,2026-09-28T00:20:00Z,yards,60.5,0.3257,0.6743,0.4989,-17.3,0.15,under,-113,-0.0065,2026-09-27T17:22:47+00:00,10.0,under,2026-09-28T19:55:51+00:00
2026,3,00-0040737,player_reception_yds,Terrance Ferguson,LA,DEN,TE,LA @ DEN,2026-09-28T00:20:00Z,yards,50.5,0.134,0.866,0.4997,-36.6,0.15,under,-112,0.0508,2026-09-27T17:22:47+00:00,9.0,under,2026-09-28T19:55:51+00:00
2026,3,00-0034348,player_reception_yds,Courtland Sutton,DEN,LA,WR,LA @ DEN,2026-09-28T00:20:00Z,yards,36.5,0.4822,0.5178,0.501,-1.9,0.15,under,-112,-0.0501,2026-09-27T17:22:47+00:00,46.0,over,2026-09-28T19:55:51+00:00
2026,3,00-0040134,player_reception_yds,Pat Bryant,DEN,LA,WR,LA @ DEN,2026-09-28T00:20:00Z,yards,26.5,0.4525,0.5475,0.4989,-4.6,0.15,under,-113,-0.0423,2026-09-27T17:22:47+00:00,44.0,over,2026-09-28T19:55:51+00:00
2026,3,00-0033881,player_reception_yds,Evan Engram,DEN,LA,TE,LA @ DEN,2026-09-28T00:20:00Z,yards,21.5,0.5403,0.4597,0.4969,4.3,0.15,over,-110,-0.039,2026-09-27T17:22:47+00:00,0.0,under,2026-09-28T19:55:51+00:00
2026,3,00-0036244,player_reception_yds,Colby Parkinson,LA,DEN,TE,LA @ DEN,2026-09-28T00:20:00Z,yards,18.5,0.5967,0.4033,0.5,9.7,0.15,over,-112,-0.0261,2026-09-27T17:22:47+00:00,0.0,under,2026-09-28T19:55:51+00:00
2026,3,00-0040730,player_reception_yds,RJ Harvey,DEN,LA,RB,LA @ DEN,2026-09-28T00:20:00Z,yards,18.5,0.498,0.502,0.4923,0.6,0.15,under,-115,-0.0524,2026-09-27T17:22:47+00:00,41.0,over,2026-09-28T19:55:51+00:00
2026,3,00-0037840,player_reception_yds,Kyren Williams,LA,DEN,RB,LA @ DEN,2026-09-28T00:20:00Z,yards,12.5,0.4981,0.5019,0.5018,-0.4,0.15,over,-109,-0.0389,2026-09-27T17:22:47+00:00,70.0,over,2026-09-28T19:55:51+00:00
2026,3,00-0036422,player_reception_yds,Adam Trautman,DEN,LA,TE,LA @ DEN,2026-09-28T00:20:00Z,yards,6.5,0.7304,0.2696,0.5055,22.5,0.15,over,-113,0.0164,2026-09-27T17:22:47+00:00,,dnp,2026-09-28T19:55:51+00:00
2026,3,00-0031381,player_receptions,Davante Adams,LA,DEN,WR,LA @ DEN,2026-09-28T00:20:00Z,count,5.5,0.2321,0.7679,0.5085,-27.6,0.15,under,-102,0.0555,2026-09-27T17:22:47+00:00,7.0,over,2026-09-28T19:55:51+00:00
2026,3,00-0036613,player_receptions,Jaylen Waddle,DEN,LA,WR,LA @ DEN,2026-09-28T00:20:00Z,count,4.5,0.3083,0.6917,0.5704,-26.2,0.15,under,123,0.0457,2026-09-27T17:22:47+00:00,2.0,under,2026-09-28T19:55:51+00:00
2026,3,00-0040737,player_receptions,Terrance Ferguson,LA,DEN,TE,LA @ DEN,2026-09-28T00:20:00Z,count,3.5,0.1804,0.8196,0.5813,-40.1,0.15,under,135,0.1253,2026-09-27T17:22:47+00:00,1.0,under,2026-09-28T19:55:51+00:00
2026,3,00-0034348,player_receptions,Courtland Sutton,DEN,LA,WR,LA @ DEN,2026-09-28T00:20:00Z,count,3.5,0.4926,0.5073,0.4598,3.3,0.15,over,120,0.0224,2026-09-27T17:22:47+00:00,3.0,under,2026-09-28T19:55:51+00:00
2026,3,00-0040134,player_receptions,Pat Bryant,DEN,LA,WR,LA @ DEN,2026-09-28T00:20:00Z,count,2.5,0.4878,0.5122,0.5383,-5.0,0.15,over,-115,-0.0078,2026-09-27T17:22:47+00:00,2.0,under,2026-09-28T19:55:51+00:00
2026,3,00-0040730,player_receptions,RJ Harvey,DEN,LA,RB,LA @ DEN,2026-09-28T00:20:00Z,count,2.5,0.5939,0.4061,0.5552,3.9,0.15,over,-138,-0.0325,2026-09-27T17:22:47+00:00,6.0,over,2026-09-28T19:55:51+00:00
2026,3,00-0033881,player_receptions,Evan Engram,DEN,LA,TE,LA @ DEN,2026-09-28T00:20:00Z,count,2.5,0.5483,0.4517,0.5274,2.1,0.15,over,-122,-0.0346,2026-09-27T17:22:47+00:00,0.0,under,2026-09-28T19:55:51+00:00
2026,3,00-0036244,player_receptions,Colby Parkinson,LA,DEN,TE,LA @ DEN,2026-09-28T00:20:00Z,count,2.5,0.5423,0.4577,0.5227,2.0,0.15,over,-123,-0.047,2026-09-27T17:22:47+00:00,0.0,under,2026-09-28T19:55:51+00:00
2026,3,00-0037840,player_receptions,Kyren Williams,LA,DEN,RB,LA @ DEN,2026-09-28T00:20:00Z,count,2.5,0.2944,0.7056,0.4061,-11.2,0.15,under,-166,-0.0215,2026-09-27T17:22:47+00:00,6.0,over,2026-09-28T19:55:51+00:00
2026,3,00-0036422,player_receptions,Adam Trautman,DEN,LA,TE,LA @ DEN,2026-09-28T00:20:00Z,count,0.5,0.8608,0.1392,0.627,23.4,0.15,over,-187,0.0161,2026-09-27T17:22:47+00:00,,dnp,2026-09-28T19:55:51+00:00
2026,3,00-0037840,player_rush_yds,Kyren Williams,LA,DEN,RB,LA @ DEN,2026-09-28T00:20:00Z,yards,53.5,0.6973,0.3027,0.4979,19.9,0.15,over,-110,0.0076,2026-09-27T17:22:47+00:00,88.0,over,2026-09-28T19:55:51+00:00
2026,3,00-0036158,player_rush_yds,J.K. Dobbins,DEN,LA,RB,LA @ DEN,2026-09-28T00:20:00Z,yards,50.5,0.5806,0.4194,0.5013,7.9,0.15,over,-113,-0.0327,2026-09-27T17:22:47+00:00,49.0,under,2026-09-28T19:55:51+00:00
2026,3,00-0039738,player_rush_yds,Blake Corum,LA,DEN,RB,LA @ DEN,2026-09-28T00:20:00Z,yards,47.5,0.4628,0.5372,0.5007,-3.8,0.15,under,-111,-0.0401,2026-09-27T17:22:47+00:00,15.0,under,2026-09-28T19:55:51+00:00
2026,3,00-0040730,player_rush_yds,RJ Harvey,DEN,LA,RB,LA @ DEN,2026-09-28T00:20:00Z,yards,20.5,0.6328,0.3672,0.4951,13.8,0.15,over,-109,-0.0111,2026-09-27T17:22:47+00:00,6.0,under,2026-09-28T19:55:51+00:00
2026,3,00-0039732,player_rush_yds,Bo Nix,DEN,LA,QB,LA @ DEN,2026-09-28T00:20:00Z,yards,16.5,0.3652,0.6348,0.499,-13.4,0.15,under,-113,-0.0178,2026-09-27T17:22:47+00:00,7.0,under,2026-09-28T19:55:51+00:00
2026,3,00-0036389,player_pass_tds,Jalen Hurts,PHI,CHI,QB,PHI @ CHI,2026-09-29T00:15:00Z,count,1.5,0.5115,0.4885,0.414,9.8,0.15,over,135,0.0073,2026-09-28T19:55:57+00:00,,,
2026,3,00-0036389,player_pass_yds,Jalen Hurts,PHI,CHI,QB,PHI @ CHI,2026-09-29T00:15:00Z,yards,216.5,0.42,0.5799,0.5105,-9.0,0.15,under,100,0.0061,2026-09-28T19:55:57+00:00,,,
2026,3,00-0036912,player_reception_yds,DeVonta Smith,PHI,CHI,WR,PHI @ CHI,2026-09-29T00:15:00Z,yards,72.5,0.3049,0.6951,0.4993,-19.4,0.15,under,-113,-0.0012,2026-09-28T19:55:57+00:00,,,
2026,3,00-0038393,player_reception_yds,Dontayvion Wicks,PHI,CHI,WR,PHI @ CHI,2026-09-29T00:15:00Z,yards,42.5,0.3266,0.6734,0.5018,-17.5,0.15,under,-110,0.0013,2026-09-28T19:55:57+00:00,,,
2026,3,00-0040735,player_reception_yds,Luther Burden III,CHI,PHI,WR,PHI @ CHI,2026-09-29T00:15:00Z,yards,36.5,0.5265,0.4735,0.4912,3.5,0.15,over,-106,-0.0351,2026-09-28T19:55:57+00:00,,,
2026,3,00-0040126,player_reception_yds,Colston Loveland,CHI,PHI,TE,PHI @ CHI,2026-09-29T00:15:00Z,yards,32.5,0.3473,0.6527,0.5007,-15.3,0.15,under,-111,-0.0071,2026-09-28T19:55:57+00:00,,,
2026,3,00-0039919,player_reception_yds,Rome Odunze,CHI,PHI,WR,PHI @ CHI,2026-09-29T00:15:00Z,yards,26.5,0.6562,0.3438,0.4945,16.2,0.15,over,-109,-0.0053,2026-09-28T19:55:57+00:00,,,
2026,3,00-0032464,player_reception_yds,Kalif Raymond,CHI,PHI,WR,PHI @ CHI,2026-09-29T00:15:00Z,yards,23.5,0.5034,0.4966,0.5041,-0.1,0.15,under,-109,-0.0489,2026-09-28T19:55:57+00:00,,,
2026,3,00-0036275,player_reception_yds,D'Andre Swift,CHI,PHI,RB,PHI @ CHI,2026-09-29T00:15:00Z,yards,15.5,0.467,0.533,0.4993,-3.2,0.15,under,-113,-0.0471,2026-09-28T19:55:57+00:00,,,
2026,3,00-0034844,player_reception_yds,Saquon Barkley,PHI,CHI,RB,PHI @ CHI,2026-09-29T00:15:00Z,yards,12.5,0.2866,0.7134,0.497,-21.0,0.15,under,-113,0.0076,2026-09-28T19:55:57+00:00,,,
2026,3,00-0033246,player_reception_yds,Johnny Mundt,PHI,CHI,TE,PHI @ CHI,2026-09-29T00:15:00Z,yards,9.5,0.4741,0.5259,0.5,-2.6,0.15,under,-113,-0.0502,2026-09-28T19:55:57+00:00,,,
2026,3,00-0040236,player_reception_yds,Kyle Monangai,CHI,PHI,RB,PHI @ CHI,2026-09-29T00:15:00Z,yards,8.5,0.5109,0.4891,0.5011,1.0,0.15,under,-110,-0.0504,2026-09-28T19:55:57+00:00,,,
2026,3,00-0036290,player_reception_yds,Cole Kmet,CHI,PHI,TE,PHI @ CHI,2026-09-29T00:15:00Z,yards,8.5,0.661,0.339,0.4957,16.5,0.15,over,-109,-0.002,2026-09-28T19:55:57+00:00,,,
2026,3,00-0036912,player_receptions,DeVonta Smith,PHI,CHI,WR,PHI @ CHI,2026-09-29T00:15:00Z,count,5.5,0.2994,0.7006,0.5009,-20.1,0.15,under,-106,0.0287,2026-09-28T19:55:57+00:00,,,
2026,3,00-0040735,player_receptions,Luther Burden III,CHI,PHI,WR,PHI @ CHI,2026-09-29T00:15:00Z,count,3.5,0.4436,0.5564,0.4692,-2.6,0.15,under,-120,-0.0198,2026-09-28T19:55:57+00:00,,,
2026,3,00-0040126,player_receptions,Colston Loveland,CHI,PHI,TE,PHI @ CHI,2026-09-29T00:15:00Z,count,3.5,0.3133,0.6867,0.4385,-12.5,0.15,under,-144,-0.0167,2026-09-28T19:55:57+00:00,,,
2026,3,00-0038393,player_receptions,Dontayvion Wicks,PHI,CHI,WR,PHI @ CHI,2026-09-29T00:15:00Z,count,3.5,0.255,0.745,0.4129,-15.8,0.15,under,-160,-0.0075,2026-09-28T19:55:57+00:00,,,
2026,3,00-0032464,player_receptions,Kalif Raymond,CHI,PHI,WR,PHI @ CHI,2026-09-29T00:15:00Z,count,2.5,0.4506,0.5494,0.5098,-5.9,0.15,under,-104,-0.0211,2026-09-28T19:55:57+00:00,,,
2026,3,00-0039919,player_receptions,Rome Odunze,CHI,PHI,WR,PHI @ CHI,2026-09-29T00:15:00Z,count,2.5,0.5171,0.4829,0.4412,7.6,0.15,over,124,0.0138,2026-09-28T19:55:57+00:00,,,
2026,3,00-0036275,player_receptions,D'Andre Swift,CHI,PHI,RB,PHI @ CHI,2026-09-29T00:15:00Z,count,2.5,0.2942,0.7058,0.423,-12.9,0.15,under,-150,-0.0061,2026-09-28T19:55:57+00:00,,,
2026,3,00-0034844,player_receptions,Saquon Barkley,PHI,CHI,RB,PHI @ CHI,2026-09-29T00:15:00Z,count,2.5,0.2108,0.7892,0.3998,-18.9,0.15,under,-169,0.0005,2026-09-28T19:55:57+00:00,,,
2026,3,00-0040236,player_receptions,Kyle Monangai,CHI,PHI,RB,PHI @ CHI,2026-09-29T00:15:00Z,count,1.5,0.3993,0.6007,0.4343,-3.5,0.15,under,-148,-0.0433,2026-09-28T19:55:57+00:00,,,
2026,3,00-0036290,player_receptions,Cole Kmet,CHI,PHI,TE,PHI @ CHI,2026-09-29T00:15:00Z,count,1.5,0.4753,0.5247,0.4254,5.0,0.15,over,124,-0.0303,2026-09-28T19:55:57+00:00,,,
2026,3,00-0033246,player_receptions,Johnny Mundt,PHI,CHI,TE,PHI @ CHI,2026-09-29T00:15:00Z,count,1.5,0.3725,0.6276,0.4134,-4.1,0.15,under,-153,-0.0198,2026-09-28T19:55:57+00:00,,,
2026,3,00-0034844,player_rush_yds,Saquon Barkley,PHI,CHI,RB,PHI @ CHI,2026-09-29T00:15:00Z,yards,72.5,0.3787,0.6213,0.499,-12.0,0.15,under,-113,-0.0216,2026-09-28T19:55:57+00:00,,,
2026,3,00-0036275,player_rush_yds,D'Andre Swift,CHI,PHI,RB,PHI @ CHI,2026-09-29T00:15:00Z,yards,62.5,0.4694,0.5306,0.499,-3.0,0.15,under,-113,-0.0473,2026-09-28T19:55:57+00:00,,,
2026,3,00-0040236,player_rush_yds,Kyle Monangai,CHI,PHI,RB,PHI @ CHI,2026-09-29T00:15:00Z,yards,39.5,0.5217,0.4783,0.496,2.6,0.15,over,-105,-0.0241,2026-09-28T19:55:57+00:00,,,
2026,3,00-0036389,player_rush_yds,Jalen Hurts,PHI,CHI,QB,PHI @ CHI,2026-09-29T00:15:00Z,yards,24.5,0.477,0.523,0.494,-1.7,0.15,under,-113,-0.0414,2026-09-28T19:55:57+00:00,,,
2026,3,00-0038555,player_rush_yds,Tank Bigsby,PHI,CHI,RB,PHI @ CHI,2026-09-29T00:15:00Z,yards,12.5,0.5991,0.4009,0.498,10.1,0.15,over,-110,-0.0203,2026-09-28T19:55:57+00:00,,,
